name,version,licence,scope,purl,download_url
"@alloc/quick-lru","5.2.0","MIT","runtime","pkg:npm/@alloc%2Fquick-lru@5.2.0","https://registry.npmjs.org/@alloc/quick-lru/-/quick-lru-5.2.0.tgz"
"@babel/runtime","7.29.7","MIT","runtime","pkg:npm/@babel%2Fruntime@7.29.7","https://registry.npmjs.org/@babel/runtime/-/runtime-7.29.7.tgz"
"@eloqnt/config","0.1.0","MIT","runtime","pkg:npm/@eloqnt%2Fconfig@0.1.0","https://registry.npmjs.org/@eloqnt/config/-/config-0.1.0.tgz"
"@eloqnt/format-json","0.1.0","MIT","runtime","pkg:npm/@eloqnt%2Fformat-json@0.1.0","https://registry.npmjs.org/@eloqnt/format-json/-/format-json-0.1.0.tgz"
"@eloqnt/format-po","0.1.0","MIT","runtime","pkg:npm/@eloqnt%2Fformat-po@0.1.0","https://registry.npmjs.org/@eloqnt/format-po/-/format-po-0.1.0.tgz"
"@emnapi/runtime","1.11.3","MIT","runtime","pkg:npm/@emnapi%2Fruntime@1.11.3","https://registry.npmjs.org/@emnapi/runtime/-/runtime-1.11.3.tgz"
"@eslint-community/eslint-utils","4.4.0","MIT","dev-only","pkg:npm/@eslint-community%2Feslint-utils@4.4.0","https://registry.npmjs.org/@eslint-community/eslint-utils/-/eslint-utils-4.4.0.tgz"
"@eslint-community/regexpp","4.10.0","MIT","dev-only","pkg:npm/@eslint-community%2Fregexpp@4.10.0","https://registry.npmjs.org/@eslint-community/regexpp/-/regexpp-4.10.0.tgz"
"@eslint/eslintrc","2.1.4","MIT","dev-only","pkg:npm/@eslint%2Feslintrc@2.1.4","https://registry.npmjs.org/@eslint/eslintrc/-/eslintrc-2.1.4.tgz"
"@eslint/js","8.57.0","MIT","dev-only","pkg:npm/@eslint%2Fjs@8.57.0","https://registry.npmjs.org/@eslint/js/-/js-8.57.0.tgz"
"@formatjs/fast-memoize","3.1.7","MIT","runtime","pkg:npm/@formatjs%2Ffast-memoize@3.1.7","https://registry.npmjs.org/@formatjs/fast-memoize/-/fast-memoize-3.1.7.tgz"
"@formatjs/icu-messageformat-parser","3.5.18","MIT","runtime","pkg:npm/@formatjs%2Ficu-messageformat-parser@3.5.18","https://registry.npmjs.org/@formatjs/icu-messageformat-parser/-/icu-messageformat-parser-3.5.18.tgz"
"@formatjs/icu-skeleton-parser","2.1.11","MIT","runtime","pkg:npm/@formatjs%2Ficu-skeleton-parser@2.1.11","https://registry.npmjs.org/@formatjs/icu-skeleton-parser/-/icu-skeleton-parser-2.1.11.tgz"
"@formatjs/intl-localematcher","0.8.14","MIT","runtime","pkg:npm/@formatjs%2Fintl-localematcher@0.8.14","https://registry.npmjs.org/@formatjs/intl-localematcher/-/intl-localematcher-0.8.14.tgz"
"@hookform/resolvers","3.3.4","MIT","runtime","pkg:npm/@hookform%2Fresolvers@3.3.4","https://registry.npmjs.org/@hookform/resolvers/-/resolvers-3.3.4.tgz"
"@humanwhocodes/config-array","0.11.14","Apache-2.0","dev-only","pkg:npm/@humanwhocodes%2Fconfig-array@0.11.14","https://registry.npmjs.org/@humanwhocodes/config-array/-/config-array-0.11.14.tgz"
"@humanwhocodes/module-importer","1.0.1","Apache-2.0","dev-only","pkg:npm/@humanwhocodes%2Fmodule-importer@1.0.1","https://registry.npmjs.org/@humanwhocodes/module-importer/-/module-importer-1.0.1.tgz"
"@humanwhocodes/object-schema","2.0.3","BSD-3-Clause","dev-only","pkg:npm/@humanwhocodes%2Fobject-schema@2.0.3","https://registry.npmjs.org/@humanwhocodes/object-schema/-/object-schema-2.0.3.tgz"
"@img/colour","1.1.0","MIT","runtime","pkg:npm/@img%2Fcolour@1.1.0","https://registry.npmjs.org/@img/colour/-/colour-1.1.0.tgz"
"@img/sharp-darwin-arm64","0.35.4","Apache-2.0","runtime","pkg:npm/@img%2Fsharp-darwin-arm64@0.35.4","https://registry.npmjs.org/@img/sharp-darwin-arm64/-/sharp-darwin-arm64-0.35.4.tgz"
"@img/sharp-darwin-x64","0.35.4","Apache-2.0","runtime","pkg:npm/@img%2Fsharp-darwin-x64@0.35.4","https://registry.npmjs.org/@img/sharp-darwin-x64/-/sharp-darwin-x64-0.35.4.tgz"
"@img/sharp-freebsd-wasm32","0.35.4","Apache-2.0","runtime","pkg:npm/@img%2Fsharp-freebsd-wasm32@0.35.4","https://registry.npmjs.org/@img/sharp-freebsd-wasm32/-/sharp-freebsd-wasm32-0.35.4.tgz"
"@img/sharp-libvips-darwin-arm64","1.3.3","LGPL-3.0-or-later","runtime","pkg:npm/@img%2Fsharp-libvips-darwin-arm64@1.3.3","https://registry.npmjs.org/@img/sharp-libvips-darwin-arm64/-/sharp-libvips-darwin-arm64-1.3.3.tgz"
"@img/sharp-libvips-darwin-x64","1.3.3","LGPL-3.0-or-later","runtime","pkg:npm/@img%2Fsharp-libvips-darwin-x64@1.3.3","https://registry.npmjs.org/@img/sharp-libvips-darwin-x64/-/sharp-libvips-darwin-x64-1.3.3.tgz"
"@img/sharp-libvips-linux-arm","1.3.3","LGPL-3.0-or-later","runtime","pkg:npm/@img%2Fsharp-libvips-linux-arm@1.3.3","https://registry.npmjs.org/@img/sharp-libvips-linux-arm/-/sharp-libvips-linux-arm-1.3.3.tgz"
"@img/sharp-libvips-linux-arm64","1.3.3","LGPL-3.0-or-later","runtime","pkg:npm/@img%2Fsharp-libvips-linux-arm64@1.3.3","https://registry.npmjs.org/@img/sharp-libvips-linux-arm64/-/sharp-libvips-linux-arm64-1.3.3.tgz"
"@img/sharp-libvips-linux-ppc64","1.3.3","LGPL-3.0-or-later","runtime","pkg:npm/@img%2Fsharp-libvips-linux-ppc64@1.3.3","https://registry.npmjs.org/@img/sharp-libvips-linux-ppc64/-/sharp-libvips-linux-ppc64-1.3.3.tgz"
"@img/sharp-libvips-linux-riscv64","1.3.3","LGPL-3.0-or-later","runtime","pkg:npm/@img%2Fsharp-libvips-linux-riscv64@1.3.3","https://registry.npmjs.org/@img/sharp-libvips-linux-riscv64/-/sharp-libvips-linux-riscv64-1.3.3.tgz"
"@img/sharp-libvips-linux-s390x","1.3.3","LGPL-3.0-or-later","runtime","pkg:npm/@img%2Fsharp-libvips-linux-s390x@1.3.3","https://registry.npmjs.org/@img/sharp-libvips-linux-s390x/-/sharp-libvips-linux-s390x-1.3.3.tgz"
"@img/sharp-libvips-linux-x64","1.3.3","LGPL-3.0-or-later","runtime","pkg:npm/@img%2Fsharp-libvips-linux-x64@1.3.3","https://registry.npmjs.org/@img/sharp-libvips-linux-x64/-/sharp-libvips-linux-x64-1.3.3.tgz"
"@img/sharp-libvips-linuxmusl-arm64","1.3.3","LGPL-3.0-or-later","runtime","pkg:npm/@img%2Fsharp-libvips-linuxmusl-arm64@1.3.3","https://registry.npmjs.org/@img/sharp-libvips-linuxmusl-arm64/-/sharp-libvips-linuxmusl-arm64-1.3.3.tgz"
"@img/sharp-libvips-linuxmusl-x64","1.3.3","LGPL-3.0-or-later","runtime","pkg:npm/@img%2Fsharp-libvips-linuxmusl-x64@1.3.3","https://registry.npmjs.org/@img/sharp-libvips-linuxmusl-x64/-/sharp-libvips-linuxmusl-x64-1.3.3.tgz"
"@img/sharp-linux-arm","0.35.4","Apache-2.0","runtime","pkg:npm/@img%2Fsharp-linux-arm@0.35.4","https://registry.npmjs.org/@img/sharp-linux-arm/-/sharp-linux-arm-0.35.4.tgz"
"@img/sharp-linux-arm64","0.35.4","Apache-2.0","runtime","pkg:npm/@img%2Fsharp-linux-arm64@0.35.4","https://registry.npmjs.org/@img/sharp-linux-arm64/-/sharp-linux-arm64-0.35.4.tgz"
"@img/sharp-linux-ppc64","0.35.4","Apache-2.0","runtime","pkg:npm/@img%2Fsharp-linux-ppc64@0.35.4","https://registry.npmjs.org/@img/sharp-linux-ppc64/-/sharp-linux-ppc64-0.35.4.tgz"
"@img/sharp-linux-riscv64","0.35.4","Apache-2.0","runtime","pkg:npm/@img%2Fsharp-linux-riscv64@0.35.4","https://registry.npmjs.org/@img/sharp-linux-riscv64/-/sharp-linux-riscv64-0.35.4.tgz"
"@img/sharp-linux-s390x","0.35.4","Apache-2.0","runtime","pkg:npm/@img%2Fsharp-linux-s390x@0.35.4","https://registry.npmjs.org/@img/sharp-linux-s390x/-/sharp-linux-s390x-0.35.4.tgz"
"@img/sharp-linux-x64","0.35.4","Apache-2.0","runtime","pkg:npm/@img%2Fsharp-linux-x64@0.35.4","https://registry.npmjs.org/@img/sharp-linux-x64/-/sharp-linux-x64-0.35.4.tgz"
"@img/sharp-linuxmusl-arm64","0.35.4","Apache-2.0","runtime","pkg:npm/@img%2Fsharp-linuxmusl-arm64@0.35.4","https://registry.npmjs.org/@img/sharp-linuxmusl-arm64/-/sharp-linuxmusl-arm64-0.35.4.tgz"
"@img/sharp-linuxmusl-x64","0.35.4","Apache-2.0","runtime","pkg:npm/@img%2Fsharp-linuxmusl-x64@0.35.4","https://registry.npmjs.org/@img/sharp-linuxmusl-x64/-/sharp-linuxmusl-x64-0.35.4.tgz"
"@img/sharp-wasm32","0.35.4","Apache-2.0 AND LGPL-3.0-or-later AND MIT","runtime","pkg:npm/@img%2Fsharp-wasm32@0.35.4","https://registry.npmjs.org/@img/sharp-wasm32/-/sharp-wasm32-0.35.4.tgz"
"@img/sharp-webcontainers-wasm32","0.35.4","Apache-2.0","runtime","pkg:npm/@img%2Fsharp-webcontainers-wasm32@0.35.4","https://registry.npmjs.org/@img/sharp-webcontainers-wasm32/-/sharp-webcontainers-wasm32-0.35.4.tgz"
"@img/sharp-win32-arm64","0.35.4","Apache-2.0 AND LGPL-3.0-or-later","runtime","pkg:npm/@img%2Fsharp-win32-arm64@0.35.4","https://registry.npmjs.org/@img/sharp-win32-arm64/-/sharp-win32-arm64-0.35.4.tgz"
"@img/sharp-win32-ia32","0.35.4","Apache-2.0 AND LGPL-3.0-or-later","runtime","pkg:npm/@img%2Fsharp-win32-ia32@0.35.4","https://registry.npmjs.org/@img/sharp-win32-ia32/-/sharp-win32-ia32-0.35.4.tgz"
"@img/sharp-win32-x64","0.35.4","Apache-2.0 AND LGPL-3.0-or-later","runtime","pkg:npm/@img%2Fsharp-win32-x64@0.35.4","https://registry.npmjs.org/@img/sharp-win32-x64/-/sharp-win32-x64-0.35.4.tgz"
"@isaacs/cliui","8.0.2","ISC","runtime","pkg:npm/@isaacs%2Fcliui@8.0.2","https://registry.npmjs.org/@isaacs/cliui/-/cliui-8.0.2.tgz"
"@jridgewell/gen-mapping","0.3.5","MIT","runtime","pkg:npm/@jridgewell%2Fgen-mapping@0.3.5","https://registry.npmjs.org/@jridgewell/gen-mapping/-/gen-mapping-0.3.5.tgz"
"@jridgewell/resolve-uri","3.1.2","MIT","runtime","pkg:npm/@jridgewell%2Fresolve-uri@3.1.2","https://registry.npmjs.org/@jridgewell/resolve-uri/-/resolve-uri-3.1.2.tgz"
"@jridgewell/set-array","1.2.1","MIT","runtime","pkg:npm/@jridgewell%2Fset-array@1.2.1","https://registry.npmjs.org/@jridgewell/set-array/-/set-array-1.2.1.tgz"
"@jridgewell/sourcemap-codec","1.4.15","MIT","runtime","pkg:npm/@jridgewell%2Fsourcemap-codec@1.4.15","https://registry.npmjs.org/@jridgewell/sourcemap-codec/-/sourcemap-codec-1.4.15.tgz"
"@jridgewell/trace-mapping","0.3.25","MIT","runtime","pkg:npm/@jridgewell%2Ftrace-mapping@0.3.25","https://registry.npmjs.org/@jridgewell/trace-mapping/-/trace-mapping-0.3.25.tgz"
"@mdx-js/react","3.0.1","MIT","runtime","pkg:npm/@mdx-js%2Freact@3.0.1","https://registry.npmjs.org/@mdx-js/react/-/react-3.0.1.tgz"
"@next/env","16.3.5","MIT","runtime","pkg:npm/@next%2Fenv@16.3.5","https://registry.npmjs.org/@next/env/-/env-16.3.5.tgz"
"@next/eslint-plugin-next","15.5.25","MIT","dev-only","pkg:npm/@next%2Feslint-plugin-next@15.5.25","https://registry.npmjs.org/@next/eslint-plugin-next/-/eslint-plugin-next-15.5.25.tgz"
"@next/swc-darwin-arm64","16.3.5","MIT","runtime","pkg:npm/@next%2Fswc-darwin-arm64@16.3.5","https://registry.npmjs.org/@next/swc-darwin-arm64/-/swc-darwin-arm64-16.3.5.tgz"
"@next/swc-darwin-x64","16.3.5","MIT","runtime","pkg:npm/@next%2Fswc-darwin-x64@16.3.5","https://registry.npmjs.org/@next/swc-darwin-x64/-/swc-darwin-x64-16.3.5.tgz"
"@next/swc-linux-arm64-gnu","16.3.5","MIT","runtime","pkg:npm/@next%2Fswc-linux-arm64-gnu@16.3.5","https://registry.npmjs.org/@next/swc-linux-arm64-gnu/-/swc-linux-arm64-gnu-16.3.5.tgz"
"@next/swc-linux-arm64-musl","16.3.5","MIT","runtime","pkg:npm/@next%2Fswc-linux-arm64-musl@16.3.5","https://registry.npmjs.org/@next/swc-linux-arm64-musl/-/swc-linux-arm64-musl-16.3.5.tgz"
"@next/swc-linux-x64-gnu","16.3.5","MIT","runtime","pkg:npm/@next%2Fswc-linux-x64-gnu@16.3.5","https://registry.npmjs.org/@next/swc-linux-x64-gnu/-/swc-linux-x64-gnu-16.3.5.tgz"
"@next/swc-linux-x64-musl","16.3.5","MIT","runtime","pkg:npm/@next%2Fswc-linux-x64-musl@16.3.5","https://registry.npmjs.org/@next/swc-linux-x64-musl/-/swc-linux-x64-musl-16.3.5.tgz"
"@next/swc-win32-arm64-msvc","16.3.5","MIT","runtime","pkg:npm/@next%2Fswc-win32-arm64-msvc@16.3.5","https://registry.npmjs.org/@next/swc-win32-arm64-msvc/-/swc-win32-arm64-msvc-16.3.5.tgz"
"@next/swc-win32-x64-msvc","16.3.5","MIT","runtime","pkg:npm/@next%2Fswc-win32-x64-msvc@16.3.5","https://registry.npmjs.org/@next/swc-win32-x64-msvc/-/swc-win32-x64-msvc-16.3.5.tgz"
"@nodelib/fs.scandir","2.1.5","MIT","runtime","pkg:npm/@nodelib%2Ffs.scandir@2.1.5","https://registry.npmjs.org/@nodelib/fs.scandir/-/fs.scandir-2.1.5.tgz"
"@nodelib/fs.stat","2.0.5","MIT","runtime","pkg:npm/@nodelib%2Ffs.stat@2.0.5","https://registry.npmjs.org/@nodelib/fs.stat/-/fs.stat-2.0.5.tgz"
"@nodelib/fs.walk","1.2.8","MIT","runtime","pkg:npm/@nodelib%2Ffs.walk@1.2.8","https://registry.npmjs.org/@nodelib/fs.walk/-/fs.walk-1.2.8.tgz"
"@parcel/watcher","2.5.0","MIT","runtime","pkg:npm/@parcel%2Fwatcher@2.5.0","https://registry.npmjs.org/@parcel/watcher/-/watcher-2.5.0.tgz"
"@parcel/watcher-android-arm64","2.5.0","MIT","runtime","pkg:npm/@parcel%2Fwatcher-android-arm64@2.5.0","https://registry.npmjs.org/@parcel/watcher-android-arm64/-/watcher-android-arm64-2.5.0.tgz"
"@parcel/watcher-darwin-arm64","2.5.0","MIT","runtime","pkg:npm/@parcel%2Fwatcher-darwin-arm64@2.5.0","https://registry.npmjs.org/@parcel/watcher-darwin-arm64/-/watcher-darwin-arm64-2.5.0.tgz"
"@parcel/watcher-darwin-x64","2.5.0","MIT","runtime","pkg:npm/@parcel%2Fwatcher-darwin-x64@2.5.0","https://registry.npmjs.org/@parcel/watcher-darwin-x64/-/watcher-darwin-x64-2.5.0.tgz"
"@parcel/watcher-freebsd-x64","2.5.0","MIT","runtime","pkg:npm/@parcel%2Fwatcher-freebsd-x64@2.5.0","https://registry.npmjs.org/@parcel/watcher-freebsd-x64/-/watcher-freebsd-x64-2.5.0.tgz"
"@parcel/watcher-linux-arm-glibc","2.5.0","MIT","runtime","pkg:npm/@parcel%2Fwatcher-linux-arm-glibc@2.5.0","https://registry.npmjs.org/@parcel/watcher-linux-arm-glibc/-/watcher-linux-arm-glibc-2.5.0.tgz"
"@parcel/watcher-linux-arm-musl","2.5.0","MIT","runtime","pkg:npm/@parcel%2Fwatcher-linux-arm-musl@2.5.0","https://registry.npmjs.org/@parcel/watcher-linux-arm-musl/-/watcher-linux-arm-musl-2.5.0.tgz"
"@parcel/watcher-linux-arm64-glibc","2.5.0","MIT","runtime","pkg:npm/@parcel%2Fwatcher-linux-arm64-glibc@2.5.0","https://registry.npmjs.org/@parcel/watcher-linux-arm64-glibc/-/watcher-linux-arm64-glibc-2.5.0.tgz"
"@parcel/watcher-linux-arm64-musl","2.5.0","MIT","runtime","pkg:npm/@parcel%2Fwatcher-linux-arm64-musl@2.5.0","https://registry.npmjs.org/@parcel/watcher-linux-arm64-musl/-/watcher-linux-arm64-musl-2.5.0.tgz"
"@parcel/watcher-linux-x64-glibc","2.5.0","MIT","runtime","pkg:npm/@parcel%2Fwatcher-linux-x64-glibc@2.5.0","https://registry.npmjs.org/@parcel/watcher-linux-x64-glibc/-/watcher-linux-x64-glibc-2.5.0.tgz"
"@parcel/watcher-linux-x64-musl","2.5.0","MIT","runtime","pkg:npm/@parcel%2Fwatcher-linux-x64-musl@2.5.0","https://registry.npmjs.org/@parcel/watcher-linux-x64-musl/-/watcher-linux-x64-musl-2.5.0.tgz"
"@parcel/watcher-win32-arm64","2.5.0","MIT","runtime","pkg:npm/@parcel%2Fwatcher-win32-arm64@2.5.0","https://registry.npmjs.org/@parcel/watcher-win32-arm64/-/watcher-win32-arm64-2.5.0.tgz"
"@parcel/watcher-win32-ia32","2.5.0","MIT","runtime","pkg:npm/@parcel%2Fwatcher-win32-ia32@2.5.0","https://registry.npmjs.org/@parcel/watcher-win32-ia32/-/watcher-win32-ia32-2.5.0.tgz"
"@parcel/watcher-win32-x64","2.5.0","MIT","runtime","pkg:npm/@parcel%2Fwatcher-win32-x64@2.5.0","https://registry.npmjs.org/@parcel/watcher-win32-x64/-/watcher-win32-x64-2.5.0.tgz"
"@pkgjs/parseargs","0.11.0","MIT","runtime","pkg:npm/@pkgjs%2Fparseargs@0.11.0","https://registry.npmjs.org/@pkgjs/parseargs/-/parseargs-0.11.0.tgz"
"@pkgr/core","0.1.1","MIT","dev-only","pkg:npm/@pkgr%2Fcore@0.1.1","https://registry.npmjs.org/@pkgr/core/-/core-0.1.1.tgz"
"@radix-ui/primitive","1.0.1","MIT","runtime","pkg:npm/@radix-ui%2Fprimitive@1.0.1","https://registry.npmjs.org/@radix-ui/primitive/-/primitive-1.0.1.tgz"
"@radix-ui/react-accordion","1.1.2","MIT","runtime","pkg:npm/@radix-ui%2Freact-accordion@1.1.2","https://registry.npmjs.org/@radix-ui/react-accordion/-/react-accordion-1.1.2.tgz"
"@radix-ui/react-collapsible","1.0.3","MIT","runtime","pkg:npm/@radix-ui%2Freact-collapsible@1.0.3","https://registry.npmjs.org/@radix-ui/react-collapsible/-/react-collapsible-1.0.3.tgz"
"@radix-ui/react-collection","1.0.3","MIT","runtime","pkg:npm/@radix-ui%2Freact-collection@1.0.3","https://registry.npmjs.org/@radix-ui/react-collection/-/react-collection-1.0.3.tgz"
"@radix-ui/react-compose-refs","1.0.1","MIT","runtime","pkg:npm/@radix-ui%2Freact-compose-refs@1.0.1","https://registry.npmjs.org/@radix-ui/react-compose-refs/-/react-compose-refs-1.0.1.tgz"
"@radix-ui/react-context","1.0.1","MIT","runtime","pkg:npm/@radix-ui%2Freact-context@1.0.1","https://registry.npmjs.org/@radix-ui/react-context/-/react-context-1.0.1.tgz"
"@radix-ui/react-direction","1.0.1","MIT","runtime","pkg:npm/@radix-ui%2Freact-direction@1.0.1","https://registry.npmjs.org/@radix-ui/react-direction/-/react-direction-1.0.1.tgz"
"@radix-ui/react-id","1.0.1","MIT","runtime","pkg:npm/@radix-ui%2Freact-id@1.0.1","https://registry.npmjs.org/@radix-ui/react-id/-/react-id-1.0.1.tgz"
"@radix-ui/react-presence","1.0.1","MIT","runtime","pkg:npm/@radix-ui%2Freact-presence@1.0.1","https://registry.npmjs.org/@radix-ui/react-presence/-/react-presence-1.0.1.tgz"
"@radix-ui/react-primitive","1.0.3","MIT","runtime","pkg:npm/@radix-ui%2Freact-primitive@1.0.3","https://registry.npmjs.org/@radix-ui/react-primitive/-/react-primitive-1.0.3.tgz"
"@radix-ui/react-slot","1.0.2","MIT","runtime","pkg:npm/@radix-ui%2Freact-slot@1.0.2","https://registry.npmjs.org/@radix-ui/react-slot/-/react-slot-1.0.2.tgz"
"@radix-ui/react-use-callback-ref","1.0.1","MIT","runtime","pkg:npm/@radix-ui%2Freact-use-callback-ref@1.0.1","https://registry.npmjs.org/@radix-ui/react-use-callback-ref/-/react-use-callback-ref-1.0.1.tgz"
"@radix-ui/react-use-controllable-state","1.0.1","MIT","runtime","pkg:npm/@radix-ui%2Freact-use-controllable-state@1.0.1","https://registry.npmjs.org/@radix-ui/react-use-controllable-state/-/react-use-controllable-state-1.0.1.tgz"
"@radix-ui/react-use-layout-effect","1.0.1","MIT","runtime","pkg:npm/@radix-ui%2Freact-use-layout-effect@1.0.1","https://registry.npmjs.org/@radix-ui/react-use-layout-effect/-/react-use-layout-effect-1.0.1.tgz"
"@rtsao/scc","1.1.0","MIT","dev-only","pkg:npm/@rtsao%2Fscc@1.1.0","https://registry.npmjs.org/@rtsao/scc/-/scc-1.1.0.tgz"
"@rushstack/eslint-patch","1.16.1","MIT","dev-only","pkg:npm/@rushstack%2Feslint-patch@1.16.1","https://registry.npmjs.org/@rushstack/eslint-patch/-/eslint-patch-1.16.1.tgz"
"@schummar/icu-type-parser","1.21.5","MIT","runtime","pkg:npm/@schummar%2Ficu-type-parser@1.21.5","https://registry.npmjs.org/@schummar/icu-type-parser/-/icu-type-parser-1.21.5.tgz"
"@studio-freight/lenis","1.0.42","MIT","runtime","pkg:npm/@studio-freight%2Flenis@1.0.42","https://registry.npmjs.org/@studio-freight/lenis/-/lenis-1.0.42.tgz"
"@swc/core","1.16.2","Apache-2.0","runtime","pkg:npm/@swc%2Fcore@1.16.2","https://registry.npmjs.org/@swc/core/-/core-1.16.2.tgz"
"@swc/core-darwin-arm64","1.16.2","Apache-2.0 AND MIT","runtime","pkg:npm/@swc%2Fcore-darwin-arm64@1.16.2","https://registry.npmjs.org/@swc/core-darwin-arm64/-/core-darwin-arm64-1.16.2.tgz"
"@swc/core-darwin-x64","1.16.2","Apache-2.0 AND MIT","runtime","pkg:npm/@swc%2Fcore-darwin-x64@1.16.2","https://registry.npmjs.org/@swc/core-darwin-x64/-/core-darwin-x64-1.16.2.tgz"
"@swc/core-linux-arm-gnueabihf","1.16.2","Apache-2.0","runtime","pkg:npm/@swc%2Fcore-linux-arm-gnueabihf@1.16.2","https://registry.npmjs.org/@swc/core-linux-arm-gnueabihf/-/core-linux-arm-gnueabihf-1.16.2.tgz"
"@swc/core-linux-arm64-gnu","1.16.2","Apache-2.0 AND MIT","runtime","pkg:npm/@swc%2Fcore-linux-arm64-gnu@1.16.2","https://registry.npmjs.org/@swc/core-linux-arm64-gnu/-/core-linux-arm64-gnu-1.16.2.tgz"
"@swc/core-linux-arm64-musl","1.16.2","Apache-2.0 AND MIT","runtime","pkg:npm/@swc%2Fcore-linux-arm64-musl@1.16.2","https://registry.npmjs.org/@swc/core-linux-arm64-musl/-/core-linux-arm64-musl-1.16.2.tgz"
"@swc/core-linux-ppc64-gnu","1.16.2","Apache-2.0 AND MIT","runtime","pkg:npm/@swc%2Fcore-linux-ppc64-gnu@1.16.2","https://registry.npmjs.org/@swc/core-linux-ppc64-gnu/-/core-linux-ppc64-gnu-1.16.2.tgz"
"@swc/core-linux-s390x-gnu","1.16.2","Apache-2.0 AND MIT","runtime","pkg:npm/@swc%2Fcore-linux-s390x-gnu@1.16.2","https://registry.npmjs.org/@swc/core-linux-s390x-gnu/-/core-linux-s390x-gnu-1.16.2.tgz"
"@swc/core-linux-x64-gnu","1.16.2","Apache-2.0 AND MIT","runtime","pkg:npm/@swc%2Fcore-linux-x64-gnu@1.16.2","https://registry.npmjs.org/@swc/core-linux-x64-gnu/-/core-linux-x64-gnu-1.16.2.tgz"
"@swc/core-linux-x64-musl","1.16.2","Apache-2.0 AND MIT","runtime","pkg:npm/@swc%2Fcore-linux-x64-musl@1.16.2","https://registry.npmjs.org/@swc/core-linux-x64-musl/-/core-linux-x64-musl-1.16.2.tgz"
"@swc/core-win32-arm64-msvc","1.16.2","Apache-2.0 AND MIT","runtime","pkg:npm/@swc%2Fcore-win32-arm64-msvc@1.16.2","https://registry.npmjs.org/@swc/core-win32-arm64-msvc/-/core-win32-arm64-msvc-1.16.2.tgz"
"@swc/core-win32-ia32-msvc","1.16.2","Apache-2.0 AND MIT","runtime","pkg:npm/@swc%2Fcore-win32-ia32-msvc@1.16.2","https://registry.npmjs.org/@swc/core-win32-ia32-msvc/-/core-win32-ia32-msvc-1.16.2.tgz"
"@swc/core-win32-x64-msvc","1.16.2","Apache-2.0 AND MIT","runtime","pkg:npm/@swc%2Fcore-win32-x64-msvc@1.16.2","https://registry.npmjs.org/@swc/core-win32-x64-msvc/-/core-win32-x64-msvc-1.16.2.tgz"
"@swc/counter","0.1.3","Apache-2.0","runtime","pkg:npm/@swc%2Fcounter@0.1.3","https://registry.npmjs.org/@swc/counter/-/counter-0.1.3.tgz"
"@swc/helpers","0.5.23","Apache-2.0","runtime","pkg:npm/@swc%2Fhelpers@0.5.23","https://registry.npmjs.org/@swc/helpers/-/helpers-0.5.23.tgz"
"@swc/types","0.1.28","Apache-2.0","runtime","pkg:npm/@swc%2Ftypes@0.1.28","https://registry.npmjs.org/@swc/types/-/types-0.1.28.tgz"
"@turf/boolean-point-in-polygon","6.5.0","MIT","runtime","pkg:npm/@turf%2Fboolean-point-in-polygon@6.5.0","https://registry.npmjs.org/@turf/boolean-point-in-polygon/-/boolean-point-in-polygon-6.5.0.tgz"
"@turf/helpers","6.5.0","MIT","runtime","pkg:npm/@turf%2Fhelpers@6.5.0","https://registry.npmjs.org/@turf/helpers/-/helpers-6.5.0.tgz"
"@turf/invariant","6.5.0","MIT","runtime","pkg:npm/@turf%2Finvariant@6.5.0","https://registry.npmjs.org/@turf/invariant/-/invariant-6.5.0.tgz"
"@tweenjs/tween.js","23.1.2","MIT","runtime","pkg:npm/@tweenjs%2Ftween.js@23.1.2","https://registry.npmjs.org/@tweenjs/tween.js/-/tween.js-23.1.2.tgz"
"@types/aos","3.0.7","MIT","dev-only","pkg:npm/@types%2Faos@3.0.7","https://registry.npmjs.org/@types/aos/-/aos-3.0.7.tgz"
"@types/debug","4.1.12","MIT","runtime","pkg:npm/@types%2Fdebug@4.1.12","https://registry.npmjs.org/@types/debug/-/debug-4.1.12.tgz"
"@types/hast","3.0.4","MIT","runtime","pkg:npm/@types%2Fhast@3.0.4","https://registry.npmjs.org/@types/hast/-/hast-3.0.4.tgz"
"@types/json5","0.0.29","MIT","dev-only","pkg:npm/@types%2Fjson5@0.0.29","https://registry.npmjs.org/@types/json5/-/json5-0.0.29.tgz"
"@types/mdast","4.0.4","MIT","runtime","pkg:npm/@types%2Fmdast@4.0.4","https://registry.npmjs.org/@types/mdast/-/mdast-4.0.4.tgz"
"@types/mdx","2.0.13","MIT","runtime","pkg:npm/@types%2Fmdx@2.0.13","https://registry.npmjs.org/@types/mdx/-/mdx-2.0.13.tgz"
"@types/ms","0.7.34","MIT","runtime","pkg:npm/@types%2Fms@0.7.34","https://registry.npmjs.org/@types/ms/-/ms-0.7.34.tgz"
"@types/node","20.17.6","MIT","dev-only","pkg:npm/@types%2Fnode@20.17.6","https://registry.npmjs.org/@types/node/-/node-20.17.6.tgz"
"@types/prop-types","15.7.12","MIT","runtime","pkg:npm/@types%2Fprop-types@15.7.12","https://registry.npmjs.org/@types/prop-types/-/prop-types-15.7.12.tgz"
"@types/react","18.3.12","MIT","runtime","pkg:npm/@types%2Freact@18.3.12","https://registry.npmjs.org/@types/react/-/react-18.3.12.tgz"
"@types/react-dom","18.3.0","MIT","runtime","pkg:npm/@types%2Freact-dom@18.3.0","https://registry.npmjs.org/@types/react-dom/-/react-dom-18.3.0.tgz"
"@types/unist","3.0.2","MIT","runtime","pkg:npm/@types%2Funist@3.0.2","https://registry.npmjs.org/@types/unist/-/unist-3.0.2.tgz"
"@typescript-eslint/eslint-plugin","7.9.0","MIT","dev-only","pkg:npm/@typescript-eslint%2Feslint-plugin@7.9.0","https://registry.npmjs.org/@typescript-eslint/eslint-plugin/-/eslint-plugin-7.9.0.tgz"
"@typescript-eslint/parser","7.18.0","BSD-2-Clause","dev-only","pkg:npm/@typescript-eslint%2Fparser@7.18.0","https://registry.npmjs.org/@typescript-eslint/parser/-/parser-7.18.0.tgz"
"@typescript-eslint/scope-manager","7.18.0","MIT","dev-only","pkg:npm/@typescript-eslint%2Fscope-manager@7.18.0","https://registry.npmjs.org/@typescript-eslint/scope-manager/-/scope-manager-7.18.0.tgz"
"@typescript-eslint/scope-manager","7.9.0","MIT","dev-only","pkg:npm/@typescript-eslint%2Fscope-manager@7.9.0","https://registry.npmjs.org/@typescript-eslint/scope-manager/-/scope-manager-7.9.0.tgz"
"@typescript-eslint/scope-manager","7.9.0","MIT","dev-only","pkg:npm/@typescript-eslint%2Fscope-manager@7.9.0","https://registry.npmjs.org/@typescript-eslint/scope-manager/-/scope-manager-7.9.0.tgz"
"@typescript-eslint/type-utils","7.9.0","MIT","dev-only","pkg:npm/@typescript-eslint%2Ftype-utils@7.9.0","https://registry.npmjs.org/@typescript-eslint/type-utils/-/type-utils-7.9.0.tgz"
"@typescript-eslint/types","7.18.0","MIT","dev-only","pkg:npm/@typescript-eslint%2Ftypes@7.18.0","https://registry.npmjs.org/@typescript-eslint/types/-/types-7.18.0.tgz"
"@typescript-eslint/types","7.9.0","MIT","dev-only","pkg:npm/@typescript-eslint%2Ftypes@7.9.0","https://registry.npmjs.org/@typescript-eslint/types/-/types-7.9.0.tgz"
"@typescript-eslint/types","7.9.0","MIT","dev-only","pkg:npm/@typescript-eslint%2Ftypes@7.9.0","https://registry.npmjs.org/@typescript-eslint/types/-/types-7.9.0.tgz"
"@typescript-eslint/types","7.9.0","MIT","dev-only","pkg:npm/@typescript-eslint%2Ftypes@7.9.0","https://registry.npmjs.org/@typescript-eslint/types/-/types-7.9.0.tgz"
"@typescript-eslint/typescript-estree","7.18.0","BSD-2-Clause","dev-only","pkg:npm/@typescript-eslint%2Ftypescript-estree@7.18.0","https://registry.npmjs.org/@typescript-eslint/typescript-estree/-/typescript-estree-7.18.0.tgz"
"@typescript-eslint/typescript-estree","7.9.0","BSD-2-Clause","dev-only","pkg:npm/@typescript-eslint%2Ftypescript-estree@7.9.0","https://registry.npmjs.org/@typescript-eslint/typescript-estree/-/typescript-estree-7.9.0.tgz"
"@typescript-eslint/typescript-estree","7.9.0","BSD-2-Clause","dev-only","pkg:npm/@typescript-eslint%2Ftypescript-estree@7.9.0","https://registry.npmjs.org/@typescript-eslint/typescript-estree/-/typescript-estree-7.9.0.tgz"
"@typescript-eslint/utils","7.9.0","MIT","dev-only","pkg:npm/@typescript-eslint%2Futils@7.9.0","https://registry.npmjs.org/@typescript-eslint/utils/-/utils-7.9.0.tgz"
"@typescript-eslint/visitor-keys","7.18.0","MIT","dev-only","pkg:npm/@typescript-eslint%2Fvisitor-keys@7.18.0","https://registry.npmjs.org/@typescript-eslint/visitor-keys/-/visitor-keys-7.18.0.tgz"
"@typescript-eslint/visitor-keys","7.9.0","MIT","dev-only","pkg:npm/@typescript-eslint%2Fvisitor-keys@7.9.0","https://registry.npmjs.org/@typescript-eslint/visitor-keys/-/visitor-keys-7.9.0.tgz"
"@typescript-eslint/visitor-keys","7.9.0","MIT","dev-only","pkg:npm/@typescript-eslint%2Fvisitor-keys@7.9.0","https://registry.npmjs.org/@typescript-eslint/visitor-keys/-/visitor-keys-7.9.0.tgz"
"@typescript-eslint/visitor-keys","7.9.0","MIT","dev-only","pkg:npm/@typescript-eslint%2Fvisitor-keys@7.9.0","https://registry.npmjs.org/@typescript-eslint/visitor-keys/-/visitor-keys-7.9.0.tgz"
"@ungap/structured-clone","1.2.0","ISC","runtime","pkg:npm/@ungap%2Fstructured-clone@1.2.0","https://registry.npmjs.org/@ungap/structured-clone/-/structured-clone-1.2.0.tgz"
"accessor-fn","1.5.0","MIT","runtime","pkg:npm/accessor-fn@1.5.0","https://registry.npmjs.org/accessor-fn/-/accessor-fn-1.5.0.tgz"
"acorn","8.11.3","MIT","dev-only","pkg:npm/acorn@8.11.3","https://registry.npmjs.org/acorn/-/acorn-8.11.3.tgz"
"acorn-jsx","5.3.2","MIT","dev-only","pkg:npm/acorn-jsx@5.3.2","https://registry.npmjs.org/acorn-jsx/-/acorn-jsx-5.3.2.tgz"
"ajv","6.15.0","MIT","dev-only","pkg:npm/ajv@6.15.0","https://registry.npmjs.org/ajv/-/ajv-6.15.0.tgz"
"ansi-regex","5.0.1","MIT","runtime","pkg:npm/ansi-regex@5.0.1","https://registry.npmjs.org/ansi-regex/-/ansi-regex-5.0.1.tgz"
"ansi-regex","6.3.0","MIT","runtime","pkg:npm/ansi-regex@6.3.0","https://registry.npmjs.org/ansi-regex/-/ansi-regex-6.3.0.tgz"
"ansi-regex","6.3.0","MIT","runtime","pkg:npm/ansi-regex@6.3.0","https://registry.npmjs.org/ansi-regex/-/ansi-regex-6.3.0.tgz"
"ansi-regex","6.3.0","MIT","runtime","pkg:npm/ansi-regex@6.3.0","https://registry.npmjs.org/ansi-regex/-/ansi-regex-6.3.0.tgz"
"ansi-styles","4.3.0","MIT","runtime","pkg:npm/ansi-styles@4.3.0","https://registry.npmjs.org/ansi-styles/-/ansi-styles-4.3.0.tgz"
"ansi-styles","6.2.3","MIT","runtime","pkg:npm/ansi-styles@6.2.3","https://registry.npmjs.org/ansi-styles/-/ansi-styles-6.2.3.tgz"
"any-promise","1.3.0","MIT","runtime","pkg:npm/any-promise@1.3.0","https://registry.npmjs.org/any-promise/-/any-promise-1.3.0.tgz"
"anymatch","3.1.3","ISC","runtime","pkg:npm/anymatch@3.1.3","https://registry.npmjs.org/anymatch/-/anymatch-3.1.3.tgz"
"aos","2.3.4","MIT","runtime","pkg:npm/aos@2.3.4","https://registry.npmjs.org/aos/-/aos-2.3.4.tgz"
"arg","5.0.2","MIT","runtime","pkg:npm/arg@5.0.2","https://registry.npmjs.org/arg/-/arg-5.0.2.tgz"
"argparse","1.0.10","MIT","runtime","pkg:npm/argparse@1.0.10","https://registry.npmjs.org/argparse/-/argparse-1.0.10.tgz"
"argparse","2.0.1","Python-2.0","dev-only","pkg:npm/argparse@2.0.1","https://registry.npmjs.org/argparse/-/argparse-2.0.1.tgz"
"aria-query","5.3.2","Apache-2.0","dev-only","pkg:npm/aria-query@5.3.2","https://registry.npmjs.org/aria-query/-/aria-query-5.3.2.tgz"
"array-buffer-byte-length","1.0.2","MIT","dev-only","pkg:npm/array-buffer-byte-length@1.0.2","https://registry.npmjs.org/array-buffer-byte-length/-/array-buffer-byte-length-1.0.2.tgz"
"array-includes","3.2.0","MIT","dev-only","pkg:npm/array-includes@3.2.0","https://registry.npmjs.org/array-includes/-/array-includes-3.2.0.tgz"
"array-union","2.1.0","MIT","dev-only","pkg:npm/array-union@2.1.0","https://registry.npmjs.org/array-union/-/array-union-2.1.0.tgz"
"array.prototype.findlast","1.2.5","MIT","dev-only","pkg:npm/array.prototype.findlast@1.2.5","https://registry.npmjs.org/array.prototype.findlast/-/array.prototype.findlast-1.2.5.tgz"
"array.prototype.findlastindex","1.2.6","MIT","dev-only","pkg:npm/array.prototype.findlastindex@1.2.6","https://registry.npmjs.org/array.prototype.findlastindex/-/array.prototype.findlastindex-1.2.6.tgz"
"array.prototype.flat","1.3.3","MIT","dev-only","pkg:npm/array.prototype.flat@1.3.3","https://registry.npmjs.org/array.prototype.flat/-/array.prototype.flat-1.3.3.tgz"
"array.prototype.flatmap","1.3.3","MIT","dev-only","pkg:npm/array.prototype.flatmap@1.3.3","https://registry.npmjs.org/array.prototype.flatmap/-/array.prototype.flatmap-1.3.3.tgz"
"array.prototype.tosorted","1.1.4","MIT","dev-only","pkg:npm/array.prototype.tosorted@1.1.4","https://registry.npmjs.org/array.prototype.tosorted/-/array.prototype.tosorted-1.1.4.tgz"
"arraybuffer.prototype.slice","1.0.4","MIT","dev-only","pkg:npm/arraybuffer.prototype.slice@1.0.4","https://registry.npmjs.org/arraybuffer.prototype.slice/-/arraybuffer.prototype.slice-1.0.4.tgz"
"ast-types-flow","0.0.8","MIT","dev-only","pkg:npm/ast-types-flow@0.0.8","https://registry.npmjs.org/ast-types-flow/-/ast-types-flow-0.0.8.tgz"
"async-function","1.0.0","MIT","dev-only","pkg:npm/async-function@1.0.0","https://registry.npmjs.org/async-function/-/async-function-1.0.0.tgz"
"available-typed-arrays","1.0.7","MIT","dev-only","pkg:npm/available-typed-arrays@1.0.7","https://registry.npmjs.org/available-typed-arrays/-/available-typed-arrays-1.0.7.tgz"
"axe-core","4.13.0","MPL-2.0","dev-only","pkg:npm/axe-core@4.13.0","https://registry.npmjs.org/axe-core/-/axe-core-4.13.0.tgz"
"axobject-query","4.1.0","Apache-2.0","dev-only","pkg:npm/axobject-query@4.1.0","https://registry.npmjs.org/axobject-query/-/axobject-query-4.1.0.tgz"
"bail","2.0.2","MIT","runtime","pkg:npm/bail@2.0.2","https://registry.npmjs.org/bail/-/bail-2.0.2.tgz"
"balanced-match","1.0.2","MIT","runtime","pkg:npm/balanced-match@1.0.2","https://registry.npmjs.org/balanced-match/-/balanced-match-1.0.2.tgz"
"baseline-browser-mapping","2.11.23","Apache-2.0","runtime","pkg:npm/baseline-browser-mapping@2.11.23","https://registry.npmjs.org/baseline-browser-mapping/-/baseline-browser-mapping-2.11.23.tgz"
"binary-extensions","2.3.0","MIT","runtime","pkg:npm/binary-extensions@2.3.0","https://registry.npmjs.org/binary-extensions/-/binary-extensions-2.3.0.tgz"
"brace-expansion","1.1.21","MIT","dev-only","pkg:npm/brace-expansion@1.1.21","https://registry.npmjs.org/brace-expansion/-/brace-expansion-1.1.21.tgz"
"brace-expansion","2.1.7","MIT","dev-only","pkg:npm/brace-expansion@2.1.7","https://registry.npmjs.org/brace-expansion/-/brace-expansion-2.1.7.tgz"
"brace-expansion","2.1.7","MIT","dev-only","pkg:npm/brace-expansion@2.1.7","https://registry.npmjs.org/brace-expansion/-/brace-expansion-2.1.7.tgz"
"brace-expansion","2.1.7","MIT","dev-only","pkg:npm/brace-expansion@2.1.7","https://registry.npmjs.org/brace-expansion/-/brace-expansion-2.1.7.tgz"
"brace-expansion","2.1.7","MIT","runtime","pkg:npm/brace-expansion@2.1.7","https://registry.npmjs.org/brace-expansion/-/brace-expansion-2.1.7.tgz"
"braces","3.0.3","MIT","runtime","pkg:npm/braces@3.0.3","https://registry.npmjs.org/braces/-/braces-3.0.3.tgz"
"call-bind","1.0.9","MIT","dev-only","pkg:npm/call-bind@1.0.9","https://registry.npmjs.org/call-bind/-/call-bind-1.0.9.tgz"
"call-bind-apply-helpers","1.0.2","MIT","dev-only","pkg:npm/call-bind-apply-helpers@1.0.2","https://registry.npmjs.org/call-bind-apply-helpers/-/call-bind-apply-helpers-1.0.2.tgz"
"call-bound","1.0.4","MIT","dev-only","pkg:npm/call-bound@1.0.4","https://registry.npmjs.org/call-bound/-/call-bound-1.0.4.tgz"
"callsites","3.1.0","MIT","dev-only","pkg:npm/callsites@3.1.0","https://registry.npmjs.org/callsites/-/callsites-3.1.0.tgz"
"camelcase-css","2.0.1","MIT","runtime","pkg:npm/camelcase-css@2.0.1","https://registry.npmjs.org/camelcase-css/-/camelcase-css-2.0.1.tgz"
"caniuse-lite","1.0.30001615","CC-BY-4.0","runtime","pkg:npm/caniuse-lite@1.0.30001615","https://registry.npmjs.org/caniuse-lite/-/caniuse-lite-1.0.30001615.tgz"
"ccount","2.0.1","MIT","runtime","pkg:npm/ccount@2.0.1","https://registry.npmjs.org/ccount/-/ccount-2.0.1.tgz"
"chalk","4.1.2","MIT","dev-only","pkg:npm/chalk@4.1.2","https://registry.npmjs.org/chalk/-/chalk-4.1.2.tgz"
"character-entities","2.0.2","MIT","runtime","pkg:npm/character-entities@2.0.2","https://registry.npmjs.org/character-entities/-/character-entities-2.0.2.tgz"
"character-entities-html4","2.1.0","MIT","runtime","pkg:npm/character-entities-html4@2.1.0","https://registry.npmjs.org/character-entities-html4/-/character-entities-html4-2.1.0.tgz"
"character-entities-legacy","3.0.0","MIT","runtime","pkg:npm/character-entities-legacy@3.0.0","https://registry.npmjs.org/character-entities-legacy/-/character-entities-legacy-3.0.0.tgz"
"chokidar","3.6.0","MIT","runtime","pkg:npm/chokidar@3.6.0","https://registry.npmjs.org/chokidar/-/chokidar-3.6.0.tgz"
"chokidar","4.0.1","MIT","runtime","pkg:npm/chokidar@4.0.1","https://registry.npmjs.org/chokidar/-/chokidar-4.0.1.tgz"
"class-variance-authority","0.7.0","Apache-2.0","runtime","pkg:npm/class-variance-authority@0.7.0","https://registry.npmjs.org/class-variance-authority/-/class-variance-authority-0.7.0.tgz"
"classlist-polyfill","1.2.0","Unlicense","runtime","pkg:npm/classlist-polyfill@1.2.0","https://registry.npmjs.org/classlist-polyfill/-/classlist-polyfill-1.2.0.tgz"
"classnames","2.5.1","MIT","runtime","pkg:npm/classnames@2.5.1","https://registry.npmjs.org/classnames/-/classnames-2.5.1.tgz"
"client-only","0.0.1","MIT","runtime","pkg:npm/client-only@0.0.1","https://registry.npmjs.org/client-only/-/client-only-0.0.1.tgz"
"clsx","2.0.0","MIT","runtime","pkg:npm/clsx@2.0.0","https://registry.npmjs.org/clsx/-/clsx-2.0.0.tgz"
"clsx","2.1.1","MIT","runtime","pkg:npm/clsx@2.1.1","https://registry.npmjs.org/clsx/-/clsx-2.1.1.tgz"
"color-convert","2.0.1","MIT","runtime","pkg:npm/color-convert@2.0.1","https://registry.npmjs.org/color-convert/-/color-convert-2.0.1.tgz"
"color-name","1.1.4","MIT","runtime","pkg:npm/color-name@1.1.4","https://registry.npmjs.org/color-name/-/color-name-1.1.4.tgz"
"comma-separated-tokens","2.0.3","MIT","runtime","pkg:npm/comma-separated-tokens@2.0.3","https://registry.npmjs.org/comma-separated-tokens/-/comma-separated-tokens-2.0.3.tgz"
"commander","4.1.1","MIT","runtime","pkg:npm/commander@4.1.1","https://registry.npmjs.org/commander/-/commander-4.1.1.tgz"
"concat-map","0.0.1","MIT","dev-only","pkg:npm/concat-map@0.0.1","https://registry.npmjs.org/concat-map/-/concat-map-0.0.1.tgz"
"confusing-browser-globals","1.0.11","MIT","dev-only","pkg:npm/confusing-browser-globals@1.0.11","https://registry.npmjs.org/confusing-browser-globals/-/confusing-browser-globals-1.0.11.tgz"
"content-type","2.1.0","MIT","runtime","pkg:npm/content-type@2.1.0","https://registry.npmjs.org/content-type/-/content-type-2.1.0.tgz"
"cross-spawn","7.0.6","MIT","runtime","pkg:npm/cross-spawn@7.0.6","https://registry.npmjs.org/cross-spawn/-/cross-spawn-7.0.6.tgz"
"cssesc","3.0.0","MIT","runtime","pkg:npm/cssesc@3.0.0","https://registry.npmjs.org/cssesc/-/cssesc-3.0.0.tgz"
"csstype","3.1.3","MIT","runtime","pkg:npm/csstype@3.1.3","https://registry.npmjs.org/csstype/-/csstype-3.1.3.tgz"
"d3-array","3.2.4","ISC","runtime","pkg:npm/d3-array@3.2.4","https://registry.npmjs.org/d3-array/-/d3-array-3.2.4.tgz"
"d3-color","3.1.0","ISC","runtime","pkg:npm/d3-color@3.1.0","https://registry.npmjs.org/d3-color/-/d3-color-3.1.0.tgz"
"d3-delaunay","6.0.4","ISC","runtime","pkg:npm/d3-delaunay@6.0.4","https://registry.npmjs.org/d3-delaunay/-/d3-delaunay-6.0.4.tgz"
"d3-format","3.1.0","ISC","runtime","pkg:npm/d3-format@3.1.0","https://registry.npmjs.org/d3-format/-/d3-format-3.1.0.tgz"
"d3-geo","3.1.1","ISC","runtime","pkg:npm/d3-geo@3.1.1","https://registry.npmjs.org/d3-geo/-/d3-geo-3.1.1.tgz"
"d3-geo-voronoi","2.1.0","ISC","runtime","pkg:npm/d3-geo-voronoi@2.1.0","https://registry.npmjs.org/d3-geo-voronoi/-/d3-geo-voronoi-2.1.0.tgz"
"d3-interpolate","3.0.1","ISC","runtime","pkg:npm/d3-interpolate@3.0.1","https://registry.npmjs.org/d3-interpolate/-/d3-interpolate-3.0.1.tgz"
"d3-scale","4.0.2","ISC","runtime","pkg:npm/d3-scale@4.0.2","https://registry.npmjs.org/d3-scale/-/d3-scale-4.0.2.tgz"
"d3-scale-chromatic","3.1.0","ISC","runtime","pkg:npm/d3-scale-chromatic@3.1.0","https://registry.npmjs.org/d3-scale-chromatic/-/d3-scale-chromatic-3.1.0.tgz"
"d3-time","3.1.0","ISC","runtime","pkg:npm/d3-time@3.1.0","https://registry.npmjs.org/d3-time/-/d3-time-3.1.0.tgz"
"d3-time-format","4.1.0","ISC","runtime","pkg:npm/d3-time-format@4.1.0","https://registry.npmjs.org/d3-time-format/-/d3-time-format-4.1.0.tgz"
"d3-tricontour","1.0.2","ISC","runtime","pkg:npm/d3-tricontour@1.0.2","https://registry.npmjs.org/d3-tricontour/-/d3-tricontour-1.0.2.tgz"
"damerau-levenshtein","1.0.8","BSD-2-Clause","dev-only","pkg:npm/damerau-levenshtein@1.0.8","https://registry.npmjs.org/damerau-levenshtein/-/damerau-levenshtein-1.0.8.tgz"
"data-joint","1.3.1","MIT","runtime","pkg:npm/data-joint@1.3.1","https://registry.npmjs.org/data-joint/-/data-joint-1.3.1.tgz"
"data-view-buffer","1.0.2","MIT","dev-only","pkg:npm/data-view-buffer@1.0.2","https://registry.npmjs.org/data-view-buffer/-/data-view-buffer-1.0.2.tgz"
"data-view-byte-length","1.0.2","MIT","dev-only","pkg:npm/data-view-byte-length@1.0.2","https://registry.npmjs.org/data-view-byte-length/-/data-view-byte-length-1.0.2.tgz"
"data-view-byte-offset","1.0.1","MIT","dev-only","pkg:npm/data-view-byte-offset@1.0.1","https://registry.npmjs.org/data-view-byte-offset/-/data-view-byte-offset-1.0.1.tgz"
"debug","3.2.7","MIT","dev-only","pkg:npm/debug@3.2.7","https://registry.npmjs.org/debug/-/debug-3.2.7.tgz"
"debug","3.2.7","MIT","dev-only","pkg:npm/debug@3.2.7","https://registry.npmjs.org/debug/-/debug-3.2.7.tgz"
"debug","3.2.7","MIT","dev-only","pkg:npm/debug@3.2.7","https://registry.npmjs.org/debug/-/debug-3.2.7.tgz"
"debug","4.3.4","MIT","runtime","pkg:npm/debug@4.3.4","https://registry.npmjs.org/debug/-/debug-4.3.4.tgz"
"decode-named-character-reference","1.0.2","MIT","runtime","pkg:npm/decode-named-character-reference@1.0.2","https://registry.npmjs.org/decode-named-character-reference/-/decode-named-character-reference-1.0.2.tgz"
"deep-is","0.1.4","MIT","dev-only","pkg:npm/deep-is@0.1.4","https://registry.npmjs.org/deep-is/-/deep-is-0.1.4.tgz"
"define-data-property","1.1.4","MIT","dev-only","pkg:npm/define-data-property@1.1.4","https://registry.npmjs.org/define-data-property/-/define-data-property-1.1.4.tgz"
"define-properties","1.2.1","MIT","dev-only","pkg:npm/define-properties@1.2.1","https://registry.npmjs.org/define-properties/-/define-properties-1.2.1.tgz"
"delaunator","5.0.1","ISC","runtime","pkg:npm/delaunator@5.0.1","https://registry.npmjs.org/delaunator/-/delaunator-5.0.1.tgz"
"dequal","2.0.3","MIT","runtime","pkg:npm/dequal@2.0.3","https://registry.npmjs.org/dequal/-/dequal-2.0.3.tgz"
"detect-libc","1.0.3","Apache-2.0","runtime","pkg:npm/detect-libc@1.0.3","https://registry.npmjs.org/detect-libc/-/detect-libc-1.0.3.tgz"
"detect-libc","2.1.2","Apache-2.0","runtime","pkg:npm/detect-libc@2.1.2","https://registry.npmjs.org/detect-libc/-/detect-libc-2.1.2.tgz"
"devlop","1.1.0","MIT","runtime","pkg:npm/devlop@1.1.0","https://registry.npmjs.org/devlop/-/devlop-1.1.0.tgz"
"didyoumean","1.2.2","Apache-2.0","runtime","pkg:npm/didyoumean@1.2.2","https://registry.npmjs.org/didyoumean/-/didyoumean-1.2.2.tgz"
"dir-glob","3.0.1","MIT","dev-only","pkg:npm/dir-glob@3.0.1","https://registry.npmjs.org/dir-glob/-/dir-glob-3.0.1.tgz"
"dlv","1.1.3","MIT","runtime","pkg:npm/dlv@1.1.3","https://registry.npmjs.org/dlv/-/dlv-1.1.3.tgz"
"doctrine","2.1.0","Apache-2.0","dev-only","pkg:npm/doctrine@2.1.0","https://registry.npmjs.org/doctrine/-/doctrine-2.1.0.tgz"
"doctrine","2.1.0","Apache-2.0","dev-only","pkg:npm/doctrine@2.1.0","https://registry.npmjs.org/doctrine/-/doctrine-2.1.0.tgz"
"doctrine","3.0.0","Apache-2.0","dev-only","pkg:npm/doctrine@3.0.0","https://registry.npmjs.org/doctrine/-/doctrine-3.0.0.tgz"
"dunder-proto","1.0.1","MIT","dev-only","pkg:npm/dunder-proto@1.0.1","https://registry.npmjs.org/dunder-proto/-/dunder-proto-1.0.1.tgz"
"earcut","2.2.4","ISC","runtime","pkg:npm/earcut@2.2.4","https://registry.npmjs.org/earcut/-/earcut-2.2.4.tgz"
"eastasianwidth","0.2.0","MIT","runtime","pkg:npm/eastasianwidth@0.2.0","https://registry.npmjs.org/eastasianwidth/-/eastasianwidth-0.2.0.tgz"
"emoji-regex","8.0.0","MIT","runtime","pkg:npm/emoji-regex@8.0.0","https://registry.npmjs.org/emoji-regex/-/emoji-regex-8.0.0.tgz"
"emoji-regex","8.0.0","MIT","runtime","pkg:npm/emoji-regex@8.0.0","https://registry.npmjs.org/emoji-regex/-/emoji-regex-8.0.0.tgz"
"emoji-regex","9.2.2","MIT","runtime","pkg:npm/emoji-regex@9.2.2","https://registry.npmjs.org/emoji-regex/-/emoji-regex-9.2.2.tgz"
"enhanced-resolve","5.16.0","MIT","dev-only","pkg:npm/enhanced-resolve@5.16.0","https://registry.npmjs.org/enhanced-resolve/-/enhanced-resolve-5.16.0.tgz"
"entities","4.5.0","BSD-2-Clause","runtime","pkg:npm/entities@4.5.0","https://registry.npmjs.org/entities/-/entities-4.5.0.tgz"
"es-abstract","1.24.2","MIT","dev-only","pkg:npm/es-abstract@1.24.2","https://registry.npmjs.org/es-abstract/-/es-abstract-1.24.2.tgz"
"es-abstract-get","1.0.0","MIT","dev-only","pkg:npm/es-abstract-get@1.0.0","https://registry.npmjs.org/es-abstract-get/-/es-abstract-get-1.0.0.tgz"
"es-define-property","1.0.1","MIT","dev-only","pkg:npm/es-define-property@1.0.1","https://registry.npmjs.org/es-define-property/-/es-define-property-1.0.1.tgz"
"es-errors","1.3.0","MIT","dev-only","pkg:npm/es-errors@1.3.0","https://registry.npmjs.org/es-errors/-/es-errors-1.3.0.tgz"
"es-iterator-helpers","1.4.0","MIT","dev-only","pkg:npm/es-iterator-helpers@1.4.0","https://registry.npmjs.org/es-iterator-helpers/-/es-iterator-helpers-1.4.0.tgz"
"es-object-atoms","1.1.2","MIT","dev-only","pkg:npm/es-object-atoms@1.1.2","https://registry.npmjs.org/es-object-atoms/-/es-object-atoms-1.1.2.tgz"
"es-set-tostringtag","2.1.0","MIT","dev-only","pkg:npm/es-set-tostringtag@2.1.0","https://registry.npmjs.org/es-set-tostringtag/-/es-set-tostringtag-2.1.0.tgz"
"es-shim-unscopables","1.1.0","MIT","dev-only","pkg:npm/es-shim-unscopables@1.1.0","https://registry.npmjs.org/es-shim-unscopables/-/es-shim-unscopables-1.1.0.tgz"
"es-to-primitive","1.3.4","MIT","dev-only","pkg:npm/es-to-primitive@1.3.4","https://registry.npmjs.org/es-to-primitive/-/es-to-primitive-1.3.4.tgz"
"escape-string-regexp","4.0.0","MIT","dev-only","pkg:npm/escape-string-regexp@4.0.0","https://registry.npmjs.org/escape-string-regexp/-/escape-string-regexp-4.0.0.tgz"
"eslint","8.57.0","MIT","dev-only","pkg:npm/eslint@8.57.0","https://registry.npmjs.org/eslint/-/eslint-8.57.0.tgz"
"eslint-config-airbnb","19.0.4","MIT","dev-only","pkg:npm/eslint-config-airbnb@19.0.4","https://registry.npmjs.org/eslint-config-airbnb/-/eslint-config-airbnb-19.0.4.tgz"
"eslint-config-airbnb-base","15.0.0","MIT","dev-only","pkg:npm/eslint-config-airbnb-base@15.0.0","https://registry.npmjs.org/eslint-config-airbnb-base/-/eslint-config-airbnb-base-15.0.0.tgz"
"eslint-config-next","15.5.25","MIT","dev-only","pkg:npm/eslint-config-next@15.5.25","https://registry.npmjs.org/eslint-config-next/-/eslint-config-next-15.5.25.tgz"
"eslint-config-prettier","9.1.0","MIT","dev-only","pkg:npm/eslint-config-prettier@9.1.0","https://registry.npmjs.org/eslint-config-prettier/-/eslint-config-prettier-9.1.0.tgz"
"eslint-import-resolver-node","0.3.9","MIT","dev-only","pkg:npm/eslint-import-resolver-node@0.3.9","https://registry.npmjs.org/eslint-import-resolver-node/-/eslint-import-resolver-node-0.3.9.tgz"
"eslint-import-resolver-typescript","3.6.1","ISC","dev-only","pkg:npm/eslint-import-resolver-typescript@3.6.1","https://registry.npmjs.org/eslint-import-resolver-typescript/-/eslint-import-resolver-typescript-3.6.1.tgz"
"eslint-module-utils","2.14.0","MIT","dev-only","pkg:npm/eslint-module-utils@2.14.0","https://registry.npmjs.org/eslint-module-utils/-/eslint-module-utils-2.14.0.tgz"
"eslint-plugin-import","2.32.0","MIT","dev-only","pkg:npm/eslint-plugin-import@2.32.0","https://registry.npmjs.org/eslint-plugin-import/-/eslint-plugin-import-2.32.0.tgz"
"eslint-plugin-jsx-a11y","6.10.2","MIT","dev-only","pkg:npm/eslint-plugin-jsx-a11y@6.10.2","https://registry.npmjs.org/eslint-plugin-jsx-a11y/-/eslint-plugin-jsx-a11y-6.10.2.tgz"
"eslint-plugin-prettier","5.1.3","MIT","dev-only","pkg:npm/eslint-plugin-prettier@5.1.3","https://registry.npmjs.org/eslint-plugin-prettier/-/eslint-plugin-prettier-5.1.3.tgz"
"eslint-plugin-react","7.37.5","MIT","dev-only","pkg:npm/eslint-plugin-react@7.37.5","https://registry.npmjs.org/eslint-plugin-react/-/eslint-plugin-react-7.37.5.tgz"
"eslint-plugin-react-hooks","4.6.2","MIT","dev-only","pkg:npm/eslint-plugin-react-hooks@4.6.2","https://registry.npmjs.org/eslint-plugin-react-hooks/-/eslint-plugin-react-hooks-4.6.2.tgz"
"eslint-plugin-react-hooks","5.2.0","MIT","dev-only","pkg:npm/eslint-plugin-react-hooks@5.2.0","https://registry.npmjs.org/eslint-plugin-react-hooks/-/eslint-plugin-react-hooks-5.2.0.tgz"
"eslint-plugin-tailwindcss","3.17.0","MIT","dev-only","pkg:npm/eslint-plugin-tailwindcss@3.17.0","https://registry.npmjs.org/eslint-plugin-tailwindcss/-/eslint-plugin-tailwindcss-3.17.0.tgz"
"eslint-scope","7.2.2","BSD-2-Clause","dev-only","pkg:npm/eslint-scope@7.2.2","https://registry.npmjs.org/eslint-scope/-/eslint-scope-7.2.2.tgz"
"eslint-visitor-keys","3.4.3","Apache-2.0","dev-only","pkg:npm/eslint-visitor-keys@3.4.3","https://registry.npmjs.org/eslint-visitor-keys/-/eslint-visitor-keys-3.4.3.tgz"
"espree","9.6.1","BSD-2-Clause","dev-only","pkg:npm/espree@9.6.1","https://registry.npmjs.org/espree/-/espree-9.6.1.tgz"
"esprima","4.0.1","BSD-2-Clause","runtime","pkg:npm/esprima@4.0.1","https://registry.npmjs.org/esprima/-/esprima-4.0.1.tgz"
"esquery","1.5.0","BSD-3-Clause","dev-only","pkg:npm/esquery@1.5.0","https://registry.npmjs.org/esquery/-/esquery-1.5.0.tgz"
"esrecurse","4.3.0","BSD-2-Clause","dev-only","pkg:npm/esrecurse@4.3.0","https://registry.npmjs.org/esrecurse/-/esrecurse-4.3.0.tgz"
"estraverse","5.3.0","BSD-2-Clause","dev-only","pkg:npm/estraverse@5.3.0","https://registry.npmjs.org/estraverse/-/estraverse-5.3.0.tgz"
"esutils","2.0.3","BSD-2-Clause","dev-only","pkg:npm/esutils@2.0.3","https://registry.npmjs.org/esutils/-/esutils-2.0.3.tgz"
"extend","3.0.2","MIT","runtime","pkg:npm/extend@3.0.2","https://registry.npmjs.org/extend/-/extend-3.0.2.tgz"
"extend-shallow","2.0.1","MIT","runtime","pkg:npm/extend-shallow@2.0.1","https://registry.npmjs.org/extend-shallow/-/extend-shallow-2.0.1.tgz"
"fast-deep-equal","3.1.3","MIT","dev-only","pkg:npm/fast-deep-equal@3.1.3","https://registry.npmjs.org/fast-deep-equal/-/fast-deep-equal-3.1.3.tgz"
"fast-diff","1.3.0","Apache-2.0","dev-only","pkg:npm/fast-diff@1.3.0","https://registry.npmjs.org/fast-diff/-/fast-diff-1.3.0.tgz"
"fast-glob","3.3.1","MIT","dev-only","pkg:npm/fast-glob@3.3.1","https://registry.npmjs.org/fast-glob/-/fast-glob-3.3.1.tgz"
"fast-glob","3.3.2","MIT","runtime","pkg:npm/fast-glob@3.3.2","https://registry.npmjs.org/fast-glob/-/fast-glob-3.3.2.tgz"
"fast-json-stable-stringify","2.1.0","MIT","dev-only","pkg:npm/fast-json-stable-stringify@2.1.0","https://registry.npmjs.org/fast-json-stable-stringify/-/fast-json-stable-stringify-2.1.0.tgz"
"fast-levenshtein","2.0.6","MIT","dev-only","pkg:npm/fast-levenshtein@2.0.6","https://registry.npmjs.org/fast-levenshtein/-/fast-levenshtein-2.0.6.tgz"
"fastq","1.17.1","ISC","runtime","pkg:npm/fastq@1.17.1","https://registry.npmjs.org/fastq/-/fastq-1.17.1.tgz"
"file-entry-cache","6.0.1","MIT","dev-only","pkg:npm/file-entry-cache@6.0.1","https://registry.npmjs.org/file-entry-cache/-/file-entry-cache-6.0.1.tgz"
"fill-range","7.1.1","MIT","runtime","pkg:npm/fill-range@7.1.1","https://registry.npmjs.org/fill-range/-/fill-range-7.1.1.tgz"
"find-up","5.0.0","MIT","dev-only","pkg:npm/find-up@5.0.0","https://registry.npmjs.org/find-up/-/find-up-5.0.0.tgz"
"flat-cache","3.2.0","MIT","dev-only","pkg:npm/flat-cache@3.2.0","https://registry.npmjs.org/flat-cache/-/flat-cache-3.2.0.tgz"
"flatted","3.4.4","ISC","dev-only","pkg:npm/flatted@3.4.4","https://registry.npmjs.org/flatted/-/flatted-3.4.4.tgz"
"for-each","0.3.5","MIT","dev-only","pkg:npm/for-each@0.3.5","https://registry.npmjs.org/for-each/-/for-each-0.3.5.tgz"
"foreground-child","3.1.1","ISC","runtime","pkg:npm/foreground-child@3.1.1","https://registry.npmjs.org/foreground-child/-/foreground-child-3.1.1.tgz"
"frame-ticker","1.0.3","MIT","runtime","pkg:npm/frame-ticker@1.0.3","https://registry.npmjs.org/frame-ticker/-/frame-ticker-1.0.3.tgz"
"framer-motion","11.16.0","MIT","runtime","pkg:npm/framer-motion@11.16.0","https://registry.npmjs.org/framer-motion/-/framer-motion-11.16.0.tgz"
"fromentries","1.3.2","MIT","runtime","pkg:npm/fromentries@1.3.2","https://registry.npmjs.org/fromentries/-/fromentries-1.3.2.tgz"
"fs.realpath","1.0.0","ISC","dev-only","pkg:npm/fs.realpath@1.0.0","https://registry.npmjs.org/fs.realpath/-/fs.realpath-1.0.0.tgz"
"fsevents","2.3.3","MIT","runtime","pkg:npm/fsevents@2.3.3","https://registry.npmjs.org/fsevents/-/fsevents-2.3.3.tgz"
"function-bind","1.1.2","MIT","runtime","pkg:npm/function-bind@1.1.2","https://registry.npmjs.org/function-bind/-/function-bind-1.1.2.tgz"
"function.prototype.name","1.2.0","MIT","dev-only","pkg:npm/function.prototype.name@1.2.0","https://registry.npmjs.org/function.prototype.name/-/function.prototype.name-1.2.0.tgz"
"functions-have-names","1.2.3","MIT","dev-only","pkg:npm/functions-have-names@1.2.3","https://registry.npmjs.org/functions-have-names/-/functions-have-names-1.2.3.tgz"
"generator-function","2.0.1","MIT","dev-only","pkg:npm/generator-function@2.0.1","https://registry.npmjs.org/generator-function/-/generator-function-2.0.1.tgz"
"get-intrinsic","1.3.0","MIT","dev-only","pkg:npm/get-intrinsic@1.3.0","https://registry.npmjs.org/get-intrinsic/-/get-intrinsic-1.3.0.tgz"
"get-proto","1.0.1","MIT","dev-only","pkg:npm/get-proto@1.0.1","https://registry.npmjs.org/get-proto/-/get-proto-1.0.1.tgz"
"get-symbol-description","1.1.0","MIT","dev-only","pkg:npm/get-symbol-description@1.1.0","https://registry.npmjs.org/get-symbol-description/-/get-symbol-description-1.1.0.tgz"
"get-tsconfig","4.7.3","MIT","dev-only","pkg:npm/get-tsconfig@4.7.3","https://registry.npmjs.org/get-tsconfig/-/get-tsconfig-4.7.3.tgz"
"glob","10.5.0","ISC","runtime","pkg:npm/glob@10.5.0","https://registry.npmjs.org/glob/-/glob-10.5.0.tgz"
"glob","7.2.3","ISC","dev-only","pkg:npm/glob@7.2.3","https://registry.npmjs.org/glob/-/glob-7.2.3.tgz"
"glob-parent","5.1.2","ISC","dev-only","pkg:npm/glob-parent@5.1.2","https://registry.npmjs.org/glob-parent/-/glob-parent-5.1.2.tgz"
"glob-parent","5.1.2","ISC","runtime","pkg:npm/glob-parent@5.1.2","https://registry.npmjs.org/glob-parent/-/glob-parent-5.1.2.tgz"
"glob-parent","5.1.2","ISC","runtime","pkg:npm/glob-parent@5.1.2","https://registry.npmjs.org/glob-parent/-/glob-parent-5.1.2.tgz"
"glob-parent","6.0.2","ISC","runtime","pkg:npm/glob-parent@6.0.2","https://registry.npmjs.org/glob-parent/-/glob-parent-6.0.2.tgz"
"globals","13.24.0","MIT","dev-only","pkg:npm/globals@13.24.0","https://registry.npmjs.org/globals/-/globals-13.24.0.tgz"
"globalthis","1.0.4","MIT","dev-only","pkg:npm/globalthis@1.0.4","https://registry.npmjs.org/globalthis/-/globalthis-1.0.4.tgz"
"globby","11.1.0","MIT","dev-only","pkg:npm/globby@11.1.0","https://registry.npmjs.org/globby/-/globby-11.1.0.tgz"
"globe.gl","2.32.5","MIT","runtime","pkg:npm/globe.gl@2.32.5","https://registry.npmjs.org/globe.gl/-/globe.gl-2.32.5.tgz"
"gopd","1.2.0","MIT","dev-only","pkg:npm/gopd@1.2.0","https://registry.npmjs.org/gopd/-/gopd-1.2.0.tgz"
"graceful-fs","4.2.11","ISC","dev-only","pkg:npm/graceful-fs@4.2.11","https://registry.npmjs.org/graceful-fs/-/graceful-fs-4.2.11.tgz"
"graphemer","1.4.0","MIT","dev-only","pkg:npm/graphemer@1.4.0","https://registry.npmjs.org/graphemer/-/graphemer-1.4.0.tgz"
"gray-matter","4.0.3","MIT","runtime","pkg:npm/gray-matter@4.0.3","https://registry.npmjs.org/gray-matter/-/gray-matter-4.0.3.tgz"
"h3-js","4.1.0","Apache-2.0","runtime","pkg:npm/h3-js@4.1.0","https://registry.npmjs.org/h3-js/-/h3-js-4.1.0.tgz"
"has-bigints","1.1.0","MIT","dev-only","pkg:npm/has-bigints@1.1.0","https://registry.npmjs.org/has-bigints/-/has-bigints-1.1.0.tgz"
"has-flag","4.0.0","MIT","dev-only","pkg:npm/has-flag@4.0.0","https://registry.npmjs.org/has-flag/-/has-flag-4.0.0.tgz"
"has-property-descriptors","1.0.2","MIT","dev-only","pkg:npm/has-property-descriptors@1.0.2","https://registry.npmjs.org/has-property-descriptors/-/has-property-descriptors-1.0.2.tgz"
"has-proto","1.2.0","MIT","dev-only","pkg:npm/has-proto@1.2.0","https://registry.npmjs.org/has-proto/-/has-proto-1.2.0.tgz"
"has-symbols","1.1.0","MIT","dev-only","pkg:npm/has-symbols@1.1.0","https://registry.npmjs.org/has-symbols/-/has-symbols-1.1.0.tgz"
"has-tostringtag","1.0.2","MIT","dev-only","pkg:npm/has-tostringtag@1.0.2","https://registry.npmjs.org/has-tostringtag/-/has-tostringtag-1.0.2.tgz"
"hasown","2.0.4","MIT","runtime","pkg:npm/hasown@2.0.4","https://registry.npmjs.org/hasown/-/hasown-2.0.4.tgz"
"hast-util-from-parse5","8.0.1","MIT","runtime","pkg:npm/hast-util-from-parse5@8.0.1","https://registry.npmjs.org/hast-util-from-parse5/-/hast-util-from-parse5-8.0.1.tgz"
"hast-util-parse-selector","4.0.0","MIT","runtime","pkg:npm/hast-util-parse-selector@4.0.0","https://registry.npmjs.org/hast-util-parse-selector/-/hast-util-parse-selector-4.0.0.tgz"
"hast-util-raw","9.0.3","MIT","runtime","pkg:npm/hast-util-raw@9.0.3","https://registry.npmjs.org/hast-util-raw/-/hast-util-raw-9.0.3.tgz"
"hast-util-sanitize","5.0.1","MIT","runtime","pkg:npm/hast-util-sanitize@5.0.1","https://registry.npmjs.org/hast-util-sanitize/-/hast-util-sanitize-5.0.1.tgz"
"hast-util-to-html","9.0.1","MIT","runtime","pkg:npm/hast-util-to-html@9.0.1","https://registry.npmjs.org/hast-util-to-html/-/hast-util-to-html-9.0.1.tgz"
"hast-util-to-parse5","8.0.0","MIT","runtime","pkg:npm/hast-util-to-parse5@8.0.0","https://registry.npmjs.org/hast-util-to-parse5/-/hast-util-to-parse5-8.0.0.tgz"
"hast-util-whitespace","3.0.0","MIT","runtime","pkg:npm/hast-util-whitespace@3.0.0","https://registry.npmjs.org/hast-util-whitespace/-/hast-util-whitespace-3.0.0.tgz"
"hastscript","8.0.0","MIT","runtime","pkg:npm/hastscript@8.0.0","https://registry.npmjs.org/hastscript/-/hastscript-8.0.0.tgz"
"html-void-elements","3.0.0","MIT","runtime","pkg:npm/html-void-elements@3.0.0","https://registry.npmjs.org/html-void-elements/-/html-void-elements-3.0.0.tgz"
"icu-minify","4.14.5","MIT","runtime","pkg:npm/icu-minify@4.14.5","https://registry.npmjs.org/icu-minify/-/icu-minify-4.14.5.tgz"
"ignore","5.3.1","MIT","dev-only","pkg:npm/ignore@5.3.1","https://registry.npmjs.org/ignore/-/ignore-5.3.1.tgz"
"immutable","5.1.9","MIT","runtime","pkg:npm/immutable@5.1.9","https://registry.npmjs.org/immutable/-/immutable-5.1.9.tgz"
"import-fresh","3.3.0","MIT","dev-only","pkg:npm/import-fresh@3.3.0","https://registry.npmjs.org/import-fresh/-/import-fresh-3.3.0.tgz"
"imurmurhash","0.1.4","MIT","dev-only","pkg:npm/imurmurhash@0.1.4","https://registry.npmjs.org/imurmurhash/-/imurmurhash-0.1.4.tgz"
"index-array-by","1.4.1","MIT","runtime","pkg:npm/index-array-by@1.4.1","https://registry.npmjs.org/index-array-by/-/index-array-by-1.4.1.tgz"
"inflight","1.0.6","ISC","dev-only","pkg:npm/inflight@1.0.6","https://registry.npmjs.org/inflight/-/inflight-1.0.6.tgz"
"inherits","2.0.4","ISC","dev-only","pkg:npm/inherits@2.0.4","https://registry.npmjs.org/inherits/-/inherits-2.0.4.tgz"
"internal-slot","1.1.0","MIT","dev-only","pkg:npm/internal-slot@1.1.0","https://registry.npmjs.org/internal-slot/-/internal-slot-1.1.0.tgz"
"internmap","2.0.3","ISC","runtime","pkg:npm/internmap@2.0.3","https://registry.npmjs.org/internmap/-/internmap-2.0.3.tgz"
"intl-messageformat","11.2.15","BSD-3-Clause","runtime","pkg:npm/intl-messageformat@11.2.15","https://registry.npmjs.org/intl-messageformat/-/intl-messageformat-11.2.15.tgz"
"is-array-buffer","3.0.5","MIT","dev-only","pkg:npm/is-array-buffer@3.0.5","https://registry.npmjs.org/is-array-buffer/-/is-array-buffer-3.0.5.tgz"
"is-async-function","2.1.1","MIT","dev-only","pkg:npm/is-async-function@2.1.1","https://registry.npmjs.org/is-async-function/-/is-async-function-2.1.1.tgz"
"is-bigint","1.1.0","MIT","dev-only","pkg:npm/is-bigint@1.1.0","https://registry.npmjs.org/is-bigint/-/is-bigint-1.1.0.tgz"
"is-binary-path","2.1.0","MIT","runtime","pkg:npm/is-binary-path@2.1.0","https://registry.npmjs.org/is-binary-path/-/is-binary-path-2.1.0.tgz"
"is-boolean-object","1.2.2","MIT","dev-only","pkg:npm/is-boolean-object@1.2.2","https://registry.npmjs.org/is-boolean-object/-/is-boolean-object-1.2.2.tgz"
"is-callable","1.2.7","MIT","dev-only","pkg:npm/is-callable@1.2.7","https://registry.npmjs.org/is-callable/-/is-callable-1.2.7.tgz"
"is-core-module","2.16.2","MIT","runtime","pkg:npm/is-core-module@2.16.2","https://registry.npmjs.org/is-core-module/-/is-core-module-2.16.2.tgz"
"is-data-view","1.0.2","MIT","dev-only","pkg:npm/is-data-view@1.0.2","https://registry.npmjs.org/is-data-view/-/is-data-view-1.0.2.tgz"
"is-date-object","1.1.0","MIT","dev-only","pkg:npm/is-date-object@1.1.0","https://registry.npmjs.org/is-date-object/-/is-date-object-1.1.0.tgz"
"is-document.all","1.0.0","MIT","dev-only","pkg:npm/is-document.all@1.0.0","https://registry.npmjs.org/is-document.all/-/is-document.all-1.0.0.tgz"
"is-extendable","0.1.1","MIT","runtime","pkg:npm/is-extendable@0.1.1","https://registry.npmjs.org/is-extendable/-/is-extendable-0.1.1.tgz"
"is-extglob","2.1.1","MIT","runtime","pkg:npm/is-extglob@2.1.1","https://registry.npmjs.org/is-extglob/-/is-extglob-2.1.1.tgz"
"is-finalizationregistry","1.1.1","MIT","dev-only","pkg:npm/is-finalizationregistry@1.1.1","https://registry.npmjs.org/is-finalizationregistry/-/is-finalizationregistry-1.1.1.tgz"
"is-fullwidth-code-point","3.0.0","MIT","runtime","pkg:npm/is-fullwidth-code-point@3.0.0","https://registry.npmjs.org/is-fullwidth-code-point/-/is-fullwidth-code-point-3.0.0.tgz"
"is-generator-function","1.1.2","MIT","dev-only","pkg:npm/is-generator-function@1.1.2","https://registry.npmjs.org/is-generator-function/-/is-generator-function-1.1.2.tgz"
"is-glob","4.0.3","MIT","runtime","pkg:npm/is-glob@4.0.3","https://registry.npmjs.org/is-glob/-/is-glob-4.0.3.tgz"
"is-map","2.0.3","MIT","dev-only","pkg:npm/is-map@2.0.3","https://registry.npmjs.org/is-map/-/is-map-2.0.3.tgz"
"is-negative-zero","2.0.3","MIT","dev-only","pkg:npm/is-negative-zero@2.0.3","https://registry.npmjs.org/is-negative-zero/-/is-negative-zero-2.0.3.tgz"
"is-number","7.0.0","MIT","runtime","pkg:npm/is-number@7.0.0","https://registry.npmjs.org/is-number/-/is-number-7.0.0.tgz"
"is-number-object","1.1.1","MIT","dev-only","pkg:npm/is-number-object@1.1.1","https://registry.npmjs.org/is-number-object/-/is-number-object-1.1.1.tgz"
"is-path-inside","3.0.3","MIT","dev-only","pkg:npm/is-path-inside@3.0.3","https://registry.npmjs.org/is-path-inside/-/is-path-inside-3.0.3.tgz"
"is-plain-obj","4.1.0","MIT","runtime","pkg:npm/is-plain-obj@4.1.0","https://registry.npmjs.org/is-plain-obj/-/is-plain-obj-4.1.0.tgz"
"is-regex","1.2.1","MIT","dev-only","pkg:npm/is-regex@1.2.1","https://registry.npmjs.org/is-regex/-/is-regex-1.2.1.tgz"
"is-set","2.0.3","MIT","dev-only","pkg:npm/is-set@2.0.3","https://registry.npmjs.org/is-set/-/is-set-2.0.3.tgz"
"is-shared-array-buffer","1.0.4","MIT","dev-only","pkg:npm/is-shared-array-buffer@1.0.4","https://registry.npmjs.org/is-shared-array-buffer/-/is-shared-array-buffer-1.0.4.tgz"
"is-string","1.1.1","MIT","dev-only","pkg:npm/is-string@1.1.1","https://registry.npmjs.org/is-string/-/is-string-1.1.1.tgz"
"is-symbol","1.1.1","MIT","dev-only","pkg:npm/is-symbol@1.1.1","https://registry.npmjs.org/is-symbol/-/is-symbol-1.1.1.tgz"
"is-typed-array","1.1.15","MIT","dev-only","pkg:npm/is-typed-array@1.1.15","https://registry.npmjs.org/is-typed-array/-/is-typed-array-1.1.15.tgz"
"is-weakmap","2.0.2","MIT","dev-only","pkg:npm/is-weakmap@2.0.2","https://registry.npmjs.org/is-weakmap/-/is-weakmap-2.0.2.tgz"
"is-weakref","1.1.1","MIT","dev-only","pkg:npm/is-weakref@1.1.1","https://registry.npmjs.org/is-weakref/-/is-weakref-1.1.1.tgz"
"is-weakset","2.0.4","MIT","dev-only","pkg:npm/is-weakset@2.0.4","https://registry.npmjs.org/is-weakset/-/is-weakset-2.0.4.tgz"
"isarray","2.0.5","MIT","dev-only","pkg:npm/isarray@2.0.5","https://registry.npmjs.org/isarray/-/isarray-2.0.5.tgz"
"isexe","2.0.0","ISC","runtime","pkg:npm/isexe@2.0.0","https://registry.npmjs.org/isexe/-/isexe-2.0.0.tgz"
"iterator.prototype","1.1.5","MIT","dev-only","pkg:npm/iterator.prototype@1.1.5","https://registry.npmjs.org/iterator.prototype/-/iterator.prototype-1.1.5.tgz"
"jackspeak","3.4.3","BlueOak-1.0.0","runtime","pkg:npm/jackspeak@3.4.3","https://registry.npmjs.org/jackspeak/-/jackspeak-3.4.3.tgz"
"jerrypick","1.1.1","MIT","runtime","pkg:npm/jerrypick@1.1.1","https://registry.npmjs.org/jerrypick/-/jerrypick-1.1.1.tgz"
"jiti","1.21.0","MIT","runtime","pkg:npm/jiti@1.21.0","https://registry.npmjs.org/jiti/-/jiti-1.21.0.tgz"
"js-tokens","4.0.0","MIT","runtime","pkg:npm/js-tokens@4.0.0","https://registry.npmjs.org/js-tokens/-/js-tokens-4.0.0.tgz"
"js-yaml","3.15.2","MIT","runtime","pkg:npm/js-yaml@3.15.2","https://registry.npmjs.org/js-yaml/-/js-yaml-3.15.2.tgz"
"js-yaml","4.3.2","MIT","dev-only","pkg:npm/js-yaml@4.3.2","https://registry.npmjs.org/js-yaml/-/js-yaml-4.3.2.tgz"
"json-buffer","3.0.1","MIT","dev-only","pkg:npm/json-buffer@3.0.1","https://registry.npmjs.org/json-buffer/-/json-buffer-3.0.1.tgz"
"json-schema-traverse","0.4.1","MIT","dev-only","pkg:npm/json-schema-traverse@0.4.1","https://registry.npmjs.org/json-schema-traverse/-/json-schema-traverse-0.4.1.tgz"
"json-stable-stringify-without-jsonify","1.0.1","MIT","dev-only","pkg:npm/json-stable-stringify-without-jsonify@1.0.1","https://registry.npmjs.org/json-stable-stringify-without-jsonify/-/json-stable-stringify-without-jsonify-1.0.1.tgz"
"json5","1.0.2","MIT","dev-only","pkg:npm/json5@1.0.2","https://registry.npmjs.org/json5/-/json5-1.0.2.tgz"
"jsx-ast-utils","3.3.5","MIT","dev-only","pkg:npm/jsx-ast-utils@3.3.5","https://registry.npmjs.org/jsx-ast-utils/-/jsx-ast-utils-3.3.5.tgz"
"kapsule","1.14.5","MIT","runtime","pkg:npm/kapsule@1.14.5","https://registry.npmjs.org/kapsule/-/kapsule-1.14.5.tgz"
"keyv","4.5.4","MIT","dev-only","pkg:npm/keyv@4.5.4","https://registry.npmjs.org/keyv/-/keyv-4.5.4.tgz"
"kind-of","6.0.3","MIT","runtime","pkg:npm/kind-of@6.0.3","https://registry.npmjs.org/kind-of/-/kind-of-6.0.3.tgz"
"language-subtag-registry","0.3.22","CC0-1.0","dev-only","pkg:npm/language-subtag-registry@0.3.22","https://registry.npmjs.org/language-subtag-registry/-/language-subtag-registry-0.3.22.tgz"
"language-tags","1.0.9","MIT","dev-only","pkg:npm/language-tags@1.0.9","https://registry.npmjs.org/language-tags/-/language-tags-1.0.9.tgz"
"levn","0.4.1","MIT","dev-only","pkg:npm/levn@0.4.1","https://registry.npmjs.org/levn/-/levn-0.4.1.tgz"
"lilconfig","2.1.0","MIT","runtime","pkg:npm/lilconfig@2.1.0","https://registry.npmjs.org/lilconfig/-/lilconfig-2.1.0.tgz"
"lilconfig","3.1.1","MIT","runtime","pkg:npm/lilconfig@3.1.1","https://registry.npmjs.org/lilconfig/-/lilconfig-3.1.1.tgz"
"lines-and-columns","1.2.4","MIT","runtime","pkg:npm/lines-and-columns@1.2.4","https://registry.npmjs.org/lines-and-columns/-/lines-and-columns-1.2.4.tgz"
"locate-path","6.0.0","MIT","dev-only","pkg:npm/locate-path@6.0.0","https://registry.npmjs.org/locate-path/-/locate-path-6.0.0.tgz"
"lodash","4.18.1","MIT","runtime","pkg:npm/lodash@4.18.1","https://registry.npmjs.org/lodash/-/lodash-4.18.1.tgz"
"lodash-es","4.18.1","MIT","runtime","pkg:npm/lodash-es@4.18.1","https://registry.npmjs.org/lodash-es/-/lodash-es-4.18.1.tgz"
"lodash.debounce","4.0.8","MIT","runtime","pkg:npm/lodash.debounce@4.0.8","https://registry.npmjs.org/lodash.debounce/-/lodash.debounce-4.0.8.tgz"
"lodash.merge","4.6.2","MIT","dev-only","pkg:npm/lodash.merge@4.6.2","https://registry.npmjs.org/lodash.merge/-/lodash.merge-4.6.2.tgz"
"lodash.throttle","4.1.1","MIT","runtime","pkg:npm/lodash.throttle@4.1.1","https://registry.npmjs.org/lodash.throttle/-/lodash.throttle-4.1.1.tgz"
"longest-streak","3.1.0","MIT","runtime","pkg:npm/longest-streak@3.1.0","https://registry.npmjs.org/longest-streak/-/longest-streak-3.1.0.tgz"
"loose-envify","1.4.0","MIT","runtime","pkg:npm/loose-envify@1.4.0","https://registry.npmjs.org/loose-envify/-/loose-envify-1.4.0.tgz"
"lru-cache","10.4.3","ISC","runtime","pkg:npm/lru-cache@10.4.3","https://registry.npmjs.org/lru-cache/-/lru-cache-10.4.3.tgz"
"lucide-react","0.379.0","ISC","runtime","pkg:npm/lucide-react@0.379.0","https://registry.npmjs.org/lucide-react/-/lucide-react-0.379.0.tgz"
"math-intrinsics","1.1.0","MIT","dev-only","pkg:npm/math-intrinsics@1.1.0","https://registry.npmjs.org/math-intrinsics/-/math-intrinsics-1.1.0.tgz"
"mdast-util-from-markdown","2.0.1","MIT","runtime","pkg:npm/mdast-util-from-markdown@2.0.1","https://registry.npmjs.org/mdast-util-from-markdown/-/mdast-util-from-markdown-2.0.1.tgz"
"mdast-util-phrasing","4.1.0","MIT","runtime","pkg:npm/mdast-util-phrasing@4.1.0","https://registry.npmjs.org/mdast-util-phrasing/-/mdast-util-phrasing-4.1.0.tgz"
"mdast-util-to-hast","13.2.1","MIT","runtime","pkg:npm/mdast-util-to-hast@13.2.1","https://registry.npmjs.org/mdast-util-to-hast/-/mdast-util-to-hast-13.2.1.tgz"
"mdast-util-to-markdown","2.1.0","MIT","runtime","pkg:npm/mdast-util-to-markdown@2.1.0","https://registry.npmjs.org/mdast-util-to-markdown/-/mdast-util-to-markdown-2.1.0.tgz"
"mdast-util-to-string","4.0.0","MIT","runtime","pkg:npm/mdast-util-to-string@4.0.0","https://registry.npmjs.org/mdast-util-to-string/-/mdast-util-to-string-4.0.0.tgz"
"merge2","1.4.1","MIT","runtime","pkg:npm/merge2@1.4.1","https://registry.npmjs.org/merge2/-/merge2-1.4.1.tgz"
"micromark","4.0.0","MIT","runtime","pkg:npm/micromark@4.0.0","https://registry.npmjs.org/micromark/-/micromark-4.0.0.tgz"
"micromark-core-commonmark","2.0.1","MIT","runtime","pkg:npm/micromark-core-commonmark@2.0.1","https://registry.npmjs.org/micromark-core-commonmark/-/micromark-core-commonmark-2.0.1.tgz"
"micromark-factory-destination","2.0.0","MIT","runtime","pkg:npm/micromark-factory-destination@2.0.0","https://registry.npmjs.org/micromark-factory-destination/-/micromark-factory-destination-2.0.0.tgz"
"micromark-factory-label","2.0.0","MIT","runtime","pkg:npm/micromark-factory-label@2.0.0","https://registry.npmjs.org/micromark-factory-label/-/micromark-factory-label-2.0.0.tgz"
"micromark-factory-space","2.0.0","MIT","runtime","pkg:npm/micromark-factory-space@2.0.0","https://registry.npmjs.org/micromark-factory-space/-/micromark-factory-space-2.0.0.tgz"
"micromark-factory-title","2.0.0","MIT","runtime","pkg:npm/micromark-factory-title@2.0.0","https://registry.npmjs.org/micromark-factory-title/-/micromark-factory-title-2.0.0.tgz"
"micromark-factory-whitespace","2.0.0","MIT","runtime","pkg:npm/micromark-factory-whitespace@2.0.0","https://registry.npmjs.org/micromark-factory-whitespace/-/micromark-factory-whitespace-2.0.0.tgz"
"micromark-util-character","2.1.0","MIT","runtime","pkg:npm/micromark-util-character@2.1.0","https://registry.npmjs.org/micromark-util-character/-/micromark-util-character-2.1.0.tgz"
"micromark-util-chunked","2.0.0","MIT","runtime","pkg:npm/micromark-util-chunked@2.0.0","https://registry.npmjs.org/micromark-util-chunked/-/micromark-util-chunked-2.0.0.tgz"
"micromark-util-classify-character","2.0.0","MIT","runtime","pkg:npm/micromark-util-classify-character@2.0.0","https://registry.npmjs.org/micromark-util-classify-character/-/micromark-util-classify-character-2.0.0.tgz"
"micromark-util-combine-extensions","2.0.0","MIT","runtime","pkg:npm/micromark-util-combine-extensions@2.0.0","https://registry.npmjs.org/micromark-util-combine-extensions/-/micromark-util-combine-extensions-2.0.0.tgz"
"micromark-util-decode-numeric-character-reference","2.0.1","MIT","runtime","pkg:npm/micromark-util-decode-numeric-character-reference@2.0.1","https://registry.npmjs.org/micromark-util-decode-numeric-character-reference/-/micromark-util-decode-numeric-character-reference-2.0.1.tgz"
"micromark-util-decode-string","2.0.0","MIT","runtime","pkg:npm/micromark-util-decode-string@2.0.0","https://registry.npmjs.org/micromark-util-decode-string/-/micromark-util-decode-string-2.0.0.tgz"
"micromark-util-encode","2.0.0","MIT","runtime","pkg:npm/micromark-util-encode@2.0.0","https://registry.npmjs.org/micromark-util-encode/-/micromark-util-encode-2.0.0.tgz"
"micromark-util-html-tag-name","2.0.0","MIT","runtime","pkg:npm/micromark-util-html-tag-name@2.0.0","https://registry.npmjs.org/micromark-util-html-tag-name/-/micromark-util-html-tag-name-2.0.0.tgz"
"micromark-util-normalize-identifier","2.0.0","MIT","runtime","pkg:npm/micromark-util-normalize-identifier@2.0.0","https://registry.npmjs.org/micromark-util-normalize-identifier/-/micromark-util-normalize-identifier-2.0.0.tgz"
"micromark-util-resolve-all","2.0.0","MIT","runtime","pkg:npm/micromark-util-resolve-all@2.0.0","https://registry.npmjs.org/micromark-util-resolve-all/-/micromark-util-resolve-all-2.0.0.tgz"
"micromark-util-sanitize-uri","2.0.0","MIT","runtime","pkg:npm/micromark-util-sanitize-uri@2.0.0","https://registry.npmjs.org/micromark-util-sanitize-uri/-/micromark-util-sanitize-uri-2.0.0.tgz"
"micromark-util-subtokenize","2.0.1","MIT","runtime","pkg:npm/micromark-util-subtokenize@2.0.1","https://registry.npmjs.org/micromark-util-subtokenize/-/micromark-util-subtokenize-2.0.1.tgz"
"micromark-util-symbol","2.0.0","MIT","runtime","pkg:npm/micromark-util-symbol@2.0.0","https://registry.npmjs.org/micromark-util-symbol/-/micromark-util-symbol-2.0.0.tgz"
"micromark-util-types","2.0.0","MIT","runtime","pkg:npm/micromark-util-types@2.0.0","https://registry.npmjs.org/micromark-util-types/-/micromark-util-types-2.0.0.tgz"
"micromatch","4.0.8","MIT","runtime","pkg:npm/micromatch@4.0.8","https://registry.npmjs.org/micromatch/-/micromatch-4.0.8.tgz"
"minimatch","3.1.5","ISC","dev-only","pkg:npm/minimatch@3.1.5","https://registry.npmjs.org/minimatch/-/minimatch-3.1.5.tgz"
"minimatch","9.0.9","ISC","dev-only","pkg:npm/minimatch@9.0.9","https://registry.npmjs.org/minimatch/-/minimatch-9.0.9.tgz"
"minimatch","9.0.9","ISC","dev-only","pkg:npm/minimatch@9.0.9","https://registry.npmjs.org/minimatch/-/minimatch-9.0.9.tgz"
"minimatch","9.0.9","ISC","dev-only","pkg:npm/minimatch@9.0.9","https://registry.npmjs.org/minimatch/-/minimatch-9.0.9.tgz"
"minimatch","9.0.9","ISC","runtime","pkg:npm/minimatch@9.0.9","https://registry.npmjs.org/minimatch/-/minimatch-9.0.9.tgz"
"minimist","1.2.8","MIT","dev-only","pkg:npm/minimist@1.2.8","https://registry.npmjs.org/minimist/-/minimist-1.2.8.tgz"
"minipass","7.1.3","BlueOak-1.0.0","runtime","pkg:npm/minipass@7.1.3","https://registry.npmjs.org/minipass/-/minipass-7.1.3.tgz"
"motion","11.16.0","MIT","runtime","pkg:npm/motion@11.16.0","https://registry.npmjs.org/motion/-/motion-11.16.0.tgz"
"motion-dom","11.16.0","MIT","runtime","pkg:npm/motion-dom@11.16.0","https://registry.npmjs.org/motion-dom/-/motion-dom-11.16.0.tgz"
"motion-utils","11.16.0","MIT","runtime","pkg:npm/motion-utils@11.16.0","https://registry.npmjs.org/motion-utils/-/motion-utils-11.16.0.tgz"
"ms","2.1.2","MIT","runtime","pkg:npm/ms@2.1.2","https://registry.npmjs.org/ms/-/ms-2.1.2.tgz"
"mz","2.7.0","MIT","runtime","pkg:npm/mz@2.7.0","https://registry.npmjs.org/mz/-/mz-2.7.0.tgz"
"nanoid","3.3.19","MIT","runtime","pkg:npm/nanoid@3.3.19","https://registry.npmjs.org/nanoid/-/nanoid-3.3.19.tgz"
"natural-compare","1.4.0","MIT","dev-only","pkg:npm/natural-compare@1.4.0","https://registry.npmjs.org/natural-compare/-/natural-compare-1.4.0.tgz"
"negotiator","1.1.0","MIT","runtime","pkg:npm/negotiator@1.1.0","https://registry.npmjs.org/negotiator/-/negotiator-1.1.0.tgz"
"next","16.3.5","MIT","runtime","pkg:npm/next@16.3.5","https://registry.npmjs.org/next/-/next-16.3.5.tgz"
"next-intl","4.14.5","MIT","runtime","pkg:npm/next-intl@4.14.5","https://registry.npmjs.org/next-intl/-/next-intl-4.14.5.tgz"
"next-intl-swc-plugin-extractor","4.14.5","MIT","runtime","pkg:npm/next-intl-swc-plugin-extractor@4.14.5","https://registry.npmjs.org/next-intl-swc-plugin-extractor/-/next-intl-swc-plugin-extractor-4.14.5.tgz"
"node-addon-api","7.1.1","MIT","runtime","pkg:npm/node-addon-api@7.1.1","https://registry.npmjs.org/node-addon-api/-/node-addon-api-7.1.1.tgz"
"normalize-path","3.0.0","MIT","runtime","pkg:npm/normalize-path@3.0.0","https://registry.npmjs.org/normalize-path/-/normalize-path-3.0.0.tgz"
"object-assign","4.1.1","MIT","runtime","pkg:npm/object-assign@4.1.1","https://registry.npmjs.org/object-assign/-/object-assign-4.1.1.tgz"
"object-hash","3.0.0","MIT","runtime","pkg:npm/object-hash@3.0.0","https://registry.npmjs.org/object-hash/-/object-hash-3.0.0.tgz"
"object-inspect","1.13.4","MIT","dev-only","pkg:npm/object-inspect@1.13.4","https://registry.npmjs.org/object-inspect/-/object-inspect-1.13.4.tgz"
"object-keys","1.1.1","MIT","dev-only","pkg:npm/object-keys@1.1.1","https://registry.npmjs.org/object-keys/-/object-keys-1.1.1.tgz"
"object.assign","4.1.7","MIT","dev-only","pkg:npm/object.assign@4.1.7","https://registry.npmjs.org/object.assign/-/object.assign-4.1.7.tgz"
"object.entries","1.1.9","MIT","dev-only","pkg:npm/object.entries@1.1.9","https://registry.npmjs.org/object.entries/-/object.entries-1.1.9.tgz"
"object.fromentries","2.0.8","MIT","dev-only","pkg:npm/object.fromentries@2.0.8","https://registry.npmjs.org/object.fromentries/-/object.fromentries-2.0.8.tgz"
"object.groupby","1.0.3","MIT","dev-only","pkg:npm/object.groupby@1.0.3","https://registry.npmjs.org/object.groupby/-/object.groupby-1.0.3.tgz"
"object.values","1.2.1","MIT","dev-only","pkg:npm/object.values@1.2.1","https://registry.npmjs.org/object.values/-/object.values-1.2.1.tgz"
"once","1.4.0","ISC","dev-only","pkg:npm/once@1.4.0","https://registry.npmjs.org/once/-/once-1.4.0.tgz"
"optionator","0.9.4","MIT","dev-only","pkg:npm/optionator@0.9.4","https://registry.npmjs.org/optionator/-/optionator-0.9.4.tgz"
"own-keys","1.0.2","MIT","dev-only","pkg:npm/own-keys@1.0.2","https://registry.npmjs.org/own-keys/-/own-keys-1.0.2.tgz"
"p-limit","3.1.0","MIT","dev-only","pkg:npm/p-limit@3.1.0","https://registry.npmjs.org/p-limit/-/p-limit-3.1.0.tgz"
"p-locate","5.0.0","MIT","dev-only","pkg:npm/p-locate@5.0.0","https://registry.npmjs.org/p-locate/-/p-locate-5.0.0.tgz"
"package-json-from-dist","1.0.1","BlueOak-1.0.0","runtime","pkg:npm/package-json-from-dist@1.0.1","https://registry.npmjs.org/package-json-from-dist/-/package-json-from-dist-1.0.1.tgz"
"parent-module","1.0.1","MIT","dev-only","pkg:npm/parent-module@1.0.1","https://registry.npmjs.org/parent-module/-/parent-module-1.0.1.tgz"
"parse5","7.1.2","MIT","runtime","pkg:npm/parse5@7.1.2","https://registry.npmjs.org/parse5/-/parse5-7.1.2.tgz"
"path-exists","4.0.0","MIT","dev-only","pkg:npm/path-exists@4.0.0","https://registry.npmjs.org/path-exists/-/path-exists-4.0.0.tgz"
"path-is-absolute","1.0.1","MIT","dev-only","pkg:npm/path-is-absolute@1.0.1","https://registry.npmjs.org/path-is-absolute/-/path-is-absolute-1.0.1.tgz"
"path-key","3.1.1","MIT","runtime","pkg:npm/path-key@3.1.1","https://registry.npmjs.org/path-key/-/path-key-3.1.1.tgz"
"path-parse","1.0.7","MIT","runtime","pkg:npm/path-parse@1.0.7","https://registry.npmjs.org/path-parse/-/path-parse-1.0.7.tgz"
"path-scurry","1.11.1","BlueOak-1.0.0","runtime","pkg:npm/path-scurry@1.11.1","https://registry.npmjs.org/path-scurry/-/path-scurry-1.11.1.tgz"
"path-type","4.0.0","MIT","dev-only","pkg:npm/path-type@4.0.0","https://registry.npmjs.org/path-type/-/path-type-4.0.0.tgz"
"picocolors","1.1.1","ISC","runtime","pkg:npm/picocolors@1.1.1","https://registry.npmjs.org/picocolors/-/picocolors-1.1.1.tgz"
"picomatch","2.3.2","MIT","runtime","pkg:npm/picomatch@2.3.2","https://registry.npmjs.org/picomatch/-/picomatch-2.3.2.tgz"
"pify","2.3.0","MIT","runtime","pkg:npm/pify@2.3.0","https://registry.npmjs.org/pify/-/pify-2.3.0.tgz"
"pirates","4.0.6","MIT","runtime","pkg:npm/pirates@4.0.6","https://registry.npmjs.org/pirates/-/pirates-4.0.6.tgz"
"po-parser","2.2.0","MIT","runtime","pkg:npm/po-parser@2.2.0","https://registry.npmjs.org/po-parser/-/po-parser-2.2.0.tgz"
"polished","4.3.1","MIT","runtime","pkg:npm/polished@4.3.1","https://registry.npmjs.org/polished/-/polished-4.3.1.tgz"
"possible-typed-array-names","1.1.0","MIT","dev-only","pkg:npm/possible-typed-array-names@1.1.0","https://registry.npmjs.org/possible-typed-array-names/-/possible-typed-array-names-1.1.0.tgz"
"postcss","8.5.23","MIT","runtime","pkg:npm/postcss@8.5.23","https://registry.npmjs.org/postcss/-/postcss-8.5.23.tgz"
"postcss","8.5.28","MIT","runtime","pkg:npm/postcss@8.5.28","https://registry.npmjs.org/postcss/-/postcss-8.5.28.tgz"
"postcss-import","15.1.0","MIT","runtime","pkg:npm/postcss-import@15.1.0","https://registry.npmjs.org/postcss-import/-/postcss-import-15.1.0.tgz"
"postcss-js","4.0.1","MIT","runtime","pkg:npm/postcss-js@4.0.1","https://registry.npmjs.org/postcss-js/-/postcss-js-4.0.1.tgz"
"postcss-load-config","4.0.2","MIT","runtime","pkg:npm/postcss-load-config@4.0.2","https://registry.npmjs.org/postcss-load-config/-/postcss-load-config-4.0.2.tgz"
"postcss-nested","6.0.1","MIT","runtime","pkg:npm/postcss-nested@6.0.1","https://registry.npmjs.org/postcss-nested/-/postcss-nested-6.0.1.tgz"
"postcss-selector-parser","6.0.16","MIT","runtime","pkg:npm/postcss-selector-parser@6.0.16","https://registry.npmjs.org/postcss-selector-parser/-/postcss-selector-parser-6.0.16.tgz"
"postcss-value-parser","4.2.0","MIT","runtime","pkg:npm/postcss-value-parser@4.2.0","https://registry.npmjs.org/postcss-value-parser/-/postcss-value-parser-4.2.0.tgz"
"prelude-ls","1.2.1","MIT","dev-only","pkg:npm/prelude-ls@1.2.1","https://registry.npmjs.org/prelude-ls/-/prelude-ls-1.2.1.tgz"
"prettier","3.2.5","MIT","dev-only","pkg:npm/prettier@3.2.5","https://registry.npmjs.org/prettier/-/prettier-3.2.5.tgz"
"prettier-linter-helpers","1.0.0","MIT","dev-only","pkg:npm/prettier-linter-helpers@1.0.0","https://registry.npmjs.org/prettier-linter-helpers/-/prettier-linter-helpers-1.0.0.tgz"
"prettier-plugin-tailwindcss","0.5.14","MIT","dev-only","pkg:npm/prettier-plugin-tailwindcss@0.5.14","https://registry.npmjs.org/prettier-plugin-tailwindcss/-/prettier-plugin-tailwindcss-0.5.14.tgz"
"prop-types","15.8.1","MIT","runtime","pkg:npm/prop-types@15.8.1","https://registry.npmjs.org/prop-types/-/prop-types-15.8.1.tgz"
"property-information","6.5.0","MIT","runtime","pkg:npm/property-information@6.5.0","https://registry.npmjs.org/property-information/-/property-information-6.5.0.tgz"
"punycode","2.3.1","MIT","dev-only","pkg:npm/punycode@2.3.1","https://registry.npmjs.org/punycode/-/punycode-2.3.1.tgz"
"queue-microtask","1.2.3","MIT","runtime","pkg:npm/queue-microtask@1.2.3","https://registry.npmjs.org/queue-microtask/-/queue-microtask-1.2.3.tgz"
"rafor","1.0.2","MIT","runtime","pkg:npm/rafor@1.0.2","https://registry.npmjs.org/rafor/-/rafor-1.0.2.tgz"
"react","18.3.1","MIT","runtime","pkg:npm/react@18.3.1","https://registry.npmjs.org/react/-/react-18.3.1.tgz"
"react-dom","18.3.1","MIT","runtime","pkg:npm/react-dom@18.3.1","https://registry.npmjs.org/react-dom/-/react-dom-18.3.1.tgz"
"react-globe.gl","2.27.2","MIT","runtime","pkg:npm/react-globe.gl@2.27.2","https://registry.npmjs.org/react-globe.gl/-/react-globe.gl-2.27.2.tgz"
"react-hook-form","7.51.4","MIT","runtime","pkg:npm/react-hook-form@7.51.4","https://registry.npmjs.org/react-hook-form/-/react-hook-form-7.51.4.tgz"
"react-is","16.13.1","MIT","runtime","pkg:npm/react-is@16.13.1","https://registry.npmjs.org/react-is/-/react-is-16.13.1.tgz"
"react-kapsule","2.4.0","MIT","runtime","pkg:npm/react-kapsule@2.4.0","https://registry.npmjs.org/react-kapsule/-/react-kapsule-2.4.0.tgz"
"react-resize-detector","7.1.2","MIT","runtime","pkg:npm/react-resize-detector@7.1.2","https://registry.npmjs.org/react-resize-detector/-/react-resize-detector-7.1.2.tgz"
"react-stacked-center-carousel","1.0.14","MIT","runtime","pkg:npm/react-stacked-center-carousel@1.0.14","https://registry.npmjs.org/react-stacked-center-carousel/-/react-stacked-center-carousel-1.0.14.tgz"
"react-toastify","10.0.5","MIT","runtime","pkg:npm/react-toastify@10.0.5","https://registry.npmjs.org/react-toastify/-/react-toastify-10.0.5.tgz"
"read-cache","1.0.0","MIT","runtime","pkg:npm/read-cache@1.0.0","https://registry.npmjs.org/read-cache/-/read-cache-1.0.0.tgz"
"readdirp","3.6.0","MIT","runtime","pkg:npm/readdirp@3.6.0","https://registry.npmjs.org/readdirp/-/readdirp-3.6.0.tgz"
"readdirp","4.0.2","MIT","runtime","pkg:npm/readdirp@4.0.2","https://registry.npmjs.org/readdirp/-/readdirp-4.0.2.tgz"
"reflect.getprototypeof","1.0.10","MIT","dev-only","pkg:npm/reflect.getprototypeof@1.0.10","https://registry.npmjs.org/reflect.getprototypeof/-/reflect.getprototypeof-1.0.10.tgz"
"regexp.prototype.flags","1.5.4","MIT","dev-only","pkg:npm/regexp.prototype.flags@1.5.4","https://registry.npmjs.org/regexp.prototype.flags/-/regexp.prototype.flags-1.5.4.tgz"
"remark","15.0.1","MIT","runtime","pkg:npm/remark@15.0.1","https://registry.npmjs.org/remark/-/remark-15.0.1.tgz"
"remark-html","16.0.1","MIT","runtime","pkg:npm/remark-html@16.0.1","https://registry.npmjs.org/remark-html/-/remark-html-16.0.1.tgz"
"remark-parse","11.0.0","MIT","runtime","pkg:npm/remark-parse@11.0.0","https://registry.npmjs.org/remark-parse/-/remark-parse-11.0.0.tgz"
"remark-stringify","11.0.0","MIT","runtime","pkg:npm/remark-stringify@11.0.0","https://registry.npmjs.org/remark-stringify/-/remark-stringify-11.0.0.tgz"
"resolve","1.22.8","MIT","runtime","pkg:npm/resolve@1.22.8","https://registry.npmjs.org/resolve/-/resolve-1.22.8.tgz"
"resolve","2.0.0-next.5","MIT","dev-only","pkg:npm/resolve@2.0.0-next.5","https://registry.npmjs.org/resolve/-/resolve-2.0.0-next.5.tgz"
"resolve-from","4.0.0","MIT","dev-only","pkg:npm/resolve-from@4.0.0","https://registry.npmjs.org/resolve-from/-/resolve-from-4.0.0.tgz"
"resolve-pkg-maps","1.0.0","MIT","dev-only","pkg:npm/resolve-pkg-maps@1.0.0","https://registry.npmjs.org/resolve-pkg-maps/-/resolve-pkg-maps-1.0.0.tgz"
"reusify","1.0.4","MIT","runtime","pkg:npm/reusify@1.0.4","https://registry.npmjs.org/reusify/-/reusify-1.0.4.tgz"
"rimraf","3.0.2","ISC","dev-only","pkg:npm/rimraf@3.0.2","https://registry.npmjs.org/rimraf/-/rimraf-3.0.2.tgz"
"robust-predicates","3.0.2","Unlicense","runtime","pkg:npm/robust-predicates@3.0.2","https://registry.npmjs.org/robust-predicates/-/robust-predicates-3.0.2.tgz"
"run-parallel","1.2.0","MIT","runtime","pkg:npm/run-parallel@1.2.0","https://registry.npmjs.org/run-parallel/-/run-parallel-1.2.0.tgz"
"safe-array-concat","1.1.4","MIT","dev-only","pkg:npm/safe-array-concat@1.1.4","https://registry.npmjs.org/safe-array-concat/-/safe-array-concat-1.1.4.tgz"
"safe-push-apply","1.0.0","MIT","dev-only","pkg:npm/safe-push-apply@1.0.0","https://registry.npmjs.org/safe-push-apply/-/safe-push-apply-1.0.0.tgz"
"safe-regex-test","1.1.0","MIT","dev-only","pkg:npm/safe-regex-test@1.1.0","https://registry.npmjs.org/safe-regex-test/-/safe-regex-test-1.1.0.tgz"
"sass","1.82.0","MIT","runtime","pkg:npm/sass@1.82.0","https://registry.npmjs.org/sass/-/sass-1.82.0.tgz"
"scheduler","0.23.2","MIT","runtime","pkg:npm/scheduler@0.23.2","https://registry.npmjs.org/scheduler/-/scheduler-0.23.2.tgz"
"section-matter","1.0.0","MIT","runtime","pkg:npm/section-matter@1.0.0","https://registry.npmjs.org/section-matter/-/section-matter-1.0.0.tgz"
"semver","6.3.1","ISC","dev-only","pkg:npm/semver@6.3.1","https://registry.npmjs.org/semver/-/semver-6.3.1.tgz"
"semver","6.3.1","ISC","dev-only","pkg:npm/semver@6.3.1","https://registry.npmjs.org/semver/-/semver-6.3.1.tgz"
"semver","6.3.1","ISC","dev-only","pkg:npm/semver@6.3.1","https://registry.npmjs.org/semver/-/semver-6.3.1.tgz"
"semver","7.8.5","ISC","runtime","pkg:npm/semver@7.8.5","https://registry.npmjs.org/semver/-/semver-7.8.5.tgz"
"set-function-length","1.2.2","MIT","dev-only","pkg:npm/set-function-length@1.2.2","https://registry.npmjs.org/set-function-length/-/set-function-length-1.2.2.tgz"
"set-function-name","2.0.2","MIT","dev-only","pkg:npm/set-function-name@2.0.2","https://registry.npmjs.org/set-function-name/-/set-function-name-2.0.2.tgz"
"set-proto","1.0.0","MIT","dev-only","pkg:npm/set-proto@1.0.0","https://registry.npmjs.org/set-proto/-/set-proto-1.0.0.tgz"
"sharp","0.35.4","Apache-2.0","runtime","pkg:npm/sharp@0.35.4","https://registry.npmjs.org/sharp/-/sharp-0.35.4.tgz"
"shebang-command","2.0.0","MIT","runtime","pkg:npm/shebang-command@2.0.0","https://registry.npmjs.org/shebang-command/-/shebang-command-2.0.0.tgz"
"shebang-regex","3.0.0","MIT","runtime","pkg:npm/shebang-regex@3.0.0","https://registry.npmjs.org/shebang-regex/-/shebang-regex-3.0.0.tgz"
"side-channel","1.1.1","MIT","dev-only","pkg:npm/side-channel@1.1.1","https://registry.npmjs.org/side-channel/-/side-channel-1.1.1.tgz"
"side-channel-list","1.0.1","MIT","dev-only","pkg:npm/side-channel-list@1.0.1","https://registry.npmjs.org/side-channel-list/-/side-channel-list-1.0.1.tgz"
"side-channel-map","1.0.1","MIT","dev-only","pkg:npm/side-channel-map@1.0.1","https://registry.npmjs.org/side-channel-map/-/side-channel-map-1.0.1.tgz"
"side-channel-weakmap","1.0.2","MIT","dev-only","pkg:npm/side-channel-weakmap@1.0.2","https://registry.npmjs.org/side-channel-weakmap/-/side-channel-weakmap-1.0.2.tgz"
"signal-exit","4.1.0","ISC","runtime","pkg:npm/signal-exit@4.1.0","https://registry.npmjs.org/signal-exit/-/signal-exit-4.1.0.tgz"
"simplesignal","2.1.7","MIT","runtime","pkg:npm/simplesignal@2.1.7","https://registry.npmjs.org/simplesignal/-/simplesignal-2.1.7.tgz"
"slash","3.0.0","MIT","dev-only","pkg:npm/slash@3.0.0","https://registry.npmjs.org/slash/-/slash-3.0.0.tgz"
"source-map-js","1.2.1","BSD-3-Clause","runtime","pkg:npm/source-map-js@1.2.1","https://registry.npmjs.org/source-map-js/-/source-map-js-1.2.1.tgz"
"space-separated-tokens","2.0.2","MIT","runtime","pkg:npm/space-separated-tokens@2.0.2","https://registry.npmjs.org/space-separated-tokens/-/space-separated-tokens-2.0.2.tgz"
"sprintf-js","1.0.3","BSD-3-Clause","runtime","pkg:npm/sprintf-js@1.0.3","https://registry.npmjs.org/sprintf-js/-/sprintf-js-1.0.3.tgz"
"stop-iteration-iterator","1.1.0","MIT","dev-only","pkg:npm/stop-iteration-iterator@1.1.0","https://registry.npmjs.org/stop-iteration-iterator/-/stop-iteration-iterator-1.1.0.tgz"
"string-width","4.2.3","MIT","runtime","pkg:npm/string-width@4.2.3","https://registry.npmjs.org/string-width/-/string-width-4.2.3.tgz"
"string-width","5.1.2","MIT","runtime","pkg:npm/string-width@5.1.2","https://registry.npmjs.org/string-width/-/string-width-5.1.2.tgz"
"string-width-cjs","4.2.3","MIT","runtime","pkg:npm/string-width-cjs@4.2.3","https://registry.npmjs.org/string-width/-/string-width-4.2.3.tgz"
"string.prototype.includes","2.0.1","MIT","dev-only","pkg:npm/string.prototype.includes@2.0.1","https://registry.npmjs.org/string.prototype.includes/-/string.prototype.includes-2.0.1.tgz"
"string.prototype.matchall","4.1.0","MIT","dev-only","pkg:npm/string.prototype.matchall@4.1.0","https://registry.npmjs.org/string.prototype.matchall/-/string.prototype.matchall-4.1.0.tgz"
"string.prototype.repeat","1.0.0","MIT","dev-only","pkg:npm/string.prototype.repeat@1.0.0","https://registry.npmjs.org/string.prototype.repeat/-/string.prototype.repeat-1.0.0.tgz"
"string.prototype.trim","1.2.11","MIT","dev-only","pkg:npm/string.prototype.trim@1.2.11","https://registry.npmjs.org/string.prototype.trim/-/string.prototype.trim-1.2.11.tgz"
"string.prototype.trimend","1.0.10","MIT","dev-only","pkg:npm/string.prototype.trimend@1.0.10","https://registry.npmjs.org/string.prototype.trimend/-/string.prototype.trimend-1.0.10.tgz"
"string.prototype.trimstart","1.0.8","MIT","dev-only","pkg:npm/string.prototype.trimstart@1.0.8","https://registry.npmjs.org/string.prototype.trimstart/-/string.prototype.trimstart-1.0.8.tgz"
"stringify-entities","4.0.4","MIT","runtime","pkg:npm/stringify-entities@4.0.4","https://registry.npmjs.org/stringify-entities/-/stringify-entities-4.0.4.tgz"
"strip-ansi","6.0.1","MIT","runtime","pkg:npm/strip-ansi@6.0.1","https://registry.npmjs.org/strip-ansi/-/strip-ansi-6.0.1.tgz"
"strip-ansi","7.2.0","MIT","runtime","pkg:npm/strip-ansi@7.2.0","https://registry.npmjs.org/strip-ansi/-/strip-ansi-7.2.0.tgz"
"strip-ansi","7.2.0","MIT","runtime","pkg:npm/strip-ansi@7.2.0","https://registry.npmjs.org/strip-ansi/-/strip-ansi-7.2.0.tgz"
"strip-ansi","7.2.0","MIT","runtime","pkg:npm/strip-ansi@7.2.0","https://registry.npmjs.org/strip-ansi/-/strip-ansi-7.2.0.tgz"
"strip-ansi-cjs","6.0.1","MIT","runtime","pkg:npm/strip-ansi-cjs@6.0.1","https://registry.npmjs.org/strip-ansi/-/strip-ansi-6.0.1.tgz"
"strip-bom","3.0.0","MIT","dev-only","pkg:npm/strip-bom@3.0.0","https://registry.npmjs.org/strip-bom/-/strip-bom-3.0.0.tgz"
"strip-bom-string","1.0.0","MIT","runtime","pkg:npm/strip-bom-string@1.0.0","https://registry.npmjs.org/strip-bom-string/-/strip-bom-string-1.0.0.tgz"
"strip-json-comments","3.1.1","MIT","dev-only","pkg:npm/strip-json-comments@3.1.1","https://registry.npmjs.org/strip-json-comments/-/strip-json-comments-3.1.1.tgz"
"styled-jsx","5.1.6","MIT","runtime","pkg:npm/styled-jsx@5.1.6","https://registry.npmjs.org/styled-jsx/-/styled-jsx-5.1.6.tgz"
"sucrase","3.35.0","MIT","runtime","pkg:npm/sucrase@3.35.0","https://registry.npmjs.org/sucrase/-/sucrase-3.35.0.tgz"
"supports-color","7.2.0","MIT","dev-only","pkg:npm/supports-color@7.2.0","https://registry.npmjs.org/supports-color/-/supports-color-7.2.0.tgz"
"supports-preserve-symlinks-flag","1.0.0","MIT","runtime","pkg:npm/supports-preserve-symlinks-flag@1.0.0","https://registry.npmjs.org/supports-preserve-symlinks-flag/-/supports-preserve-symlinks-flag-1.0.0.tgz"
"synckit","0.8.8","MIT","dev-only","pkg:npm/synckit@0.8.8","https://registry.npmjs.org/synckit/-/synckit-0.8.8.tgz"
"tailwind-merge","2.3.0","MIT","runtime","pkg:npm/tailwind-merge@2.3.0","https://registry.npmjs.org/tailwind-merge/-/tailwind-merge-2.3.0.tgz"
"tailwindcss","3.4.3","MIT","runtime","pkg:npm/tailwindcss@3.4.3","https://registry.npmjs.org/tailwindcss/-/tailwindcss-3.4.3.tgz"
"tailwindcss-animate","1.0.7","MIT","runtime","pkg:npm/tailwindcss-animate@1.0.7","https://registry.npmjs.org/tailwindcss-animate/-/tailwindcss-animate-1.0.7.tgz"
"tapable","2.2.1","MIT","dev-only","pkg:npm/tapable@2.2.1","https://registry.npmjs.org/tapable/-/tapable-2.2.1.tgz"
"text-table","0.2.0","MIT","dev-only","pkg:npm/text-table@0.2.0","https://registry.npmjs.org/text-table/-/text-table-0.2.0.tgz"
"thenify","3.3.1","MIT","runtime","pkg:npm/thenify@3.3.1","https://registry.npmjs.org/thenify/-/thenify-3.3.1.tgz"
"thenify-all","1.6.0","MIT","runtime","pkg:npm/thenify-all@1.6.0","https://registry.npmjs.org/thenify-all/-/thenify-all-1.6.0.tgz"
"three","0.165.0","MIT","runtime","pkg:npm/three@0.165.0","https://registry.npmjs.org/three/-/three-0.165.0.tgz"
"three-conic-polygon-geometry","1.6.3","MIT","runtime","pkg:npm/three-conic-polygon-geometry@1.6.3","https://registry.npmjs.org/three-conic-polygon-geometry/-/three-conic-polygon-geometry-1.6.3.tgz"
"three-fatline","0.7.0","NOASSERTION — package declares no license","runtime","pkg:npm/three-fatline@0.7.0","https://registry.npmjs.org/three-fatline/-/three-fatline-0.7.0.tgz"
"three-geojson-geometry","1.3.2","MIT","runtime","pkg:npm/three-geojson-geometry@1.3.2","https://registry.npmjs.org/three-geojson-geometry/-/three-geojson-geometry-1.3.2.tgz"
"three-globe","2.31.1","MIT","runtime","pkg:npm/three-globe@2.31.1","https://registry.npmjs.org/three-globe/-/three-globe-2.31.1.tgz"
"three-render-objects","1.29.4","MIT","runtime","pkg:npm/three-render-objects@1.29.4","https://registry.npmjs.org/three-render-objects/-/three-render-objects-1.29.4.tgz"
"tinycolor2","1.6.0","MIT","runtime","pkg:npm/tinycolor2@1.6.0","https://registry.npmjs.org/tinycolor2/-/tinycolor2-1.6.0.tgz"
"to-regex-range","5.0.1","MIT","runtime","pkg:npm/to-regex-range@5.0.1","https://registry.npmjs.org/to-regex-range/-/to-regex-range-5.0.1.tgz"
"trim-lines","3.0.1","MIT","runtime","pkg:npm/trim-lines@3.0.1","https://registry.npmjs.org/trim-lines/-/trim-lines-3.0.1.tgz"
"trough","2.2.0","MIT","runtime","pkg:npm/trough@2.2.0","https://registry.npmjs.org/trough/-/trough-2.2.0.tgz"
"ts-api-utils","1.3.0","MIT","dev-only","pkg:npm/ts-api-utils@1.3.0","https://registry.npmjs.org/ts-api-utils/-/ts-api-utils-1.3.0.tgz"
"ts-interface-checker","0.1.13","Apache-2.0","runtime","pkg:npm/ts-interface-checker@0.1.13","https://registry.npmjs.org/ts-interface-checker/-/ts-interface-checker-0.1.13.tgz"
"tsconfig-paths","3.15.0","MIT","dev-only","pkg:npm/tsconfig-paths@3.15.0","https://registry.npmjs.org/tsconfig-paths/-/tsconfig-paths-3.15.0.tgz"
"tslib","2.8.1","0BSD","runtime","pkg:npm/tslib@2.8.1","https://registry.npmjs.org/tslib/-/tslib-2.8.1.tgz"
"type-check","0.4.0","MIT","dev-only","pkg:npm/type-check@0.4.0","https://registry.npmjs.org/type-check/-/type-check-0.4.0.tgz"
"type-fest","0.20.2","(MIT OR CC0-1.0)","dev-only","pkg:npm/type-fest@0.20.2","https://registry.npmjs.org/type-fest/-/type-fest-0.20.2.tgz"
"typed-array-buffer","1.0.3","MIT","dev-only","pkg:npm/typed-array-buffer@1.0.3","https://registry.npmjs.org/typed-array-buffer/-/typed-array-buffer-1.0.3.tgz"
"typed-array-byte-length","1.0.3","MIT","dev-only","pkg:npm/typed-array-byte-length@1.0.3","https://registry.npmjs.org/typed-array-byte-length/-/typed-array-byte-length-1.0.3.tgz"
"typed-array-byte-offset","1.0.4","MIT","dev-only","pkg:npm/typed-array-byte-offset@1.0.4","https://registry.npmjs.org/typed-array-byte-offset/-/typed-array-byte-offset-1.0.4.tgz"
"typed-array-length","1.0.8","MIT","dev-only","pkg:npm/typed-array-length@1.0.8","https://registry.npmjs.org/typed-array-length/-/typed-array-length-1.0.8.tgz"
"typescript","5.6.3","Apache-2.0","dev-only","pkg:npm/typescript@5.6.3","https://registry.npmjs.org/typescript/-/typescript-5.6.3.tgz"
"unbox-primitive","1.1.0","MIT","dev-only","pkg:npm/unbox-primitive@1.1.0","https://registry.npmjs.org/unbox-primitive/-/unbox-primitive-1.1.0.tgz"
"undici-types","6.19.8","MIT","dev-only","pkg:npm/undici-types@6.19.8","https://registry.npmjs.org/undici-types/-/undici-types-6.19.8.tgz"
"unified","11.0.4","MIT","runtime","pkg:npm/unified@11.0.4","https://registry.npmjs.org/unified/-/unified-11.0.4.tgz"
"unist-util-is","6.0.0","MIT","runtime","pkg:npm/unist-util-is@6.0.0","https://registry.npmjs.org/unist-util-is/-/unist-util-is-6.0.0.tgz"
"unist-util-position","5.0.0","MIT","runtime","pkg:npm/unist-util-position@5.0.0","https://registry.npmjs.org/unist-util-position/-/unist-util-position-5.0.0.tgz"
"unist-util-stringify-position","4.0.0","MIT","runtime","pkg:npm/unist-util-stringify-position@4.0.0","https://registry.npmjs.org/unist-util-stringify-position/-/unist-util-stringify-position-4.0.0.tgz"
"unist-util-visit","5.0.0","MIT","runtime","pkg:npm/unist-util-visit@5.0.0","https://registry.npmjs.org/unist-util-visit/-/unist-util-visit-5.0.0.tgz"
"unist-util-visit-parents","6.0.1","MIT","runtime","pkg:npm/unist-util-visit-parents@6.0.1","https://registry.npmjs.org/unist-util-visit-parents/-/unist-util-visit-parents-6.0.1.tgz"
"uri-js","4.4.1","BSD-2-Clause","dev-only","pkg:npm/uri-js@4.4.1","https://registry.npmjs.org/uri-js/-/uri-js-4.4.1.tgz"
"use-intl","4.14.5","MIT","runtime","pkg:npm/use-intl@4.14.5","https://registry.npmjs.org/use-intl/-/use-intl-4.14.5.tgz"
"use-sync-external-store","1.2.0","MIT","runtime","pkg:npm/use-sync-external-store@1.2.0","https://registry.npmjs.org/use-sync-external-store/-/use-sync-external-store-1.2.0.tgz"
"util-deprecate","1.0.2","MIT","runtime","pkg:npm/util-deprecate@1.0.2","https://registry.npmjs.org/util-deprecate/-/util-deprecate-1.0.2.tgz"
"vfile","6.0.1","MIT","runtime","pkg:npm/vfile@6.0.1","https://registry.npmjs.org/vfile/-/vfile-6.0.1.tgz"
"vfile-location","5.0.2","MIT","runtime","pkg:npm/vfile-location@5.0.2","https://registry.npmjs.org/vfile-location/-/vfile-location-5.0.2.tgz"
"vfile-message","4.0.2","MIT","runtime","pkg:npm/vfile-message@4.0.2","https://registry.npmjs.org/vfile-message/-/vfile-message-4.0.2.tgz"
"web-namespaces","2.0.1","MIT","runtime","pkg:npm/web-namespaces@2.0.1","https://registry.npmjs.org/web-namespaces/-/web-namespaces-2.0.1.tgz"
"which","2.0.2","ISC","runtime","pkg:npm/which@2.0.2","https://registry.npmjs.org/which/-/which-2.0.2.tgz"
"which-boxed-primitive","1.1.1","MIT","dev-only","pkg:npm/which-boxed-primitive@1.1.1","https://registry.npmjs.org/which-boxed-primitive/-/which-boxed-primitive-1.1.1.tgz"
"which-builtin-type","1.2.1","MIT","dev-only","pkg:npm/which-builtin-type@1.2.1","https://registry.npmjs.org/which-builtin-type/-/which-builtin-type-1.2.1.tgz"
"which-collection","1.0.2","MIT","dev-only","pkg:npm/which-collection@1.0.2","https://registry.npmjs.org/which-collection/-/which-collection-1.0.2.tgz"
"which-typed-array","1.1.22","MIT","dev-only","pkg:npm/which-typed-array@1.1.22","https://registry.npmjs.org/which-typed-array/-/which-typed-array-1.1.22.tgz"
"word-wrap","1.2.5","MIT","dev-only","pkg:npm/word-wrap@1.2.5","https://registry.npmjs.org/word-wrap/-/word-wrap-1.2.5.tgz"
"wrap-ansi","8.1.0","MIT","runtime","pkg:npm/wrap-ansi@8.1.0","https://registry.npmjs.org/wrap-ansi/-/wrap-ansi-8.1.0.tgz"
"wrap-ansi-cjs","7.0.0","MIT","runtime","pkg:npm/wrap-ansi-cjs@7.0.0","https://registry.npmjs.org/wrap-ansi/-/wrap-ansi-7.0.0.tgz"
"wrappy","1.0.2","ISC","dev-only","pkg:npm/wrappy@1.0.2","https://registry.npmjs.org/wrappy/-/wrappy-1.0.2.tgz"
"yaml","2.9.1","ISC","runtime","pkg:npm/yaml@2.9.1","https://registry.npmjs.org/yaml/-/yaml-2.9.1.tgz"
"yaot","1.1.3","MIT","runtime","pkg:npm/yaot@1.1.3","https://registry.npmjs.org/yaot/-/yaot-1.1.3.tgz"
"yocto-queue","0.1.0","MIT","dev-only","pkg:npm/yocto-queue@0.1.0","https://registry.npmjs.org/yocto-queue/-/yocto-queue-0.1.0.tgz"
"zod","3.23.8","MIT","runtime","pkg:npm/zod@3.23.8","https://registry.npmjs.org/zod/-/zod-3.23.8.tgz"
"zustand","4.5.2","MIT","runtime","pkg:npm/zustand@4.5.2","https://registry.npmjs.org/zustand/-/zustand-4.5.2.tgz"
"zwitch","2.0.4","MIT","runtime","pkg:npm/zwitch@2.0.4","https://registry.npmjs.org/zwitch/-/zwitch-2.0.4.tgz"
